Project Name,Package Name,Type Name,MethodName,LOC,CC,PC
ripme,com.rarchives.ripme,App,main,14,2,1
ripme,com.rarchives.ripme,App,rip,5,1,1
ripme,com.rarchives.ripme,App,handleArguments,103,19,1
ripme,com.rarchives.ripme,App,ripURL,20,3,2
ripme,com.rarchives.ripme,App,getOptions,16,1,0
ripme,com.rarchives.ripme,App,getArgs,12,1,1
ripme,com.rarchives.ripme,App,loadHistory,34,5,0
ripme,com.rarchives.ripme,App,accept,3,1,2
ripme,com.rarchives.ripme.ripper,AbstractHTMLRipper,AbstractHTMLRipper,3,1,1
ripme,com.rarchives.ripme.ripper,AbstractHTMLRipper,getDomain,0,1,0
ripme,com.rarchives.ripme.ripper,AbstractHTMLRipper,getHost,0,1,0
ripme,com.rarchives.ripme.ripper,AbstractHTMLRipper,getFirstPage,0,1,0
ripme,com.rarchives.ripme.ripper,AbstractHTMLRipper,getNextPage,3,1,1
ripme,com.rarchives.ripme.ripper,AbstractHTMLRipper,getURLsFromPage,0,1,1
ripme,com.rarchives.ripme.ripper,AbstractHTMLRipper,getDescriptionsFromPage,3,1,1
ripme,com.rarchives.ripme.ripper,AbstractHTMLRipper,downloadURL,0,1,2
ripme,com.rarchives.ripme.ripper,AbstractHTMLRipper,getThreadPool,3,1,0
ripme,com.rarchives.ripme.ripper,AbstractHTMLRipper,keepSortOrder,3,1,0
ripme,com.rarchives.ripme.ripper,AbstractHTMLRipper,canRip,3,1,1
ripme,com.rarchives.ripme.ripper,AbstractHTMLRipper,sanitizeURL,3,1,1
ripme,com.rarchives.ripme.ripper,AbstractHTMLRipper,hasDescriptionSupport,3,1,0
ripme,com.rarchives.ripme.ripper,AbstractHTMLRipper,getDescription,3,1,2
ripme,com.rarchives.ripme.ripper,AbstractHTMLRipper,descSleepTime,3,1,0
ripme,com.rarchives.ripme.ripper,AbstractHTMLRipper,rip,67,15,0
ripme,com.rarchives.ripme.ripper,AbstractHTMLRipper,fileNameFromURL,20,6,1
ripme,com.rarchives.ripme.ripper,AbstractHTMLRipper,saveText,4,1,4
ripme,com.rarchives.ripme.ripper,AbstractHTMLRipper,saveText,28,3,5
ripme,com.rarchives.ripme.ripper,AbstractHTMLRipper,getPrefix,7,2,1
ripme,com.rarchives.ripme.ripper,AbstractJSONRipper,AbstractJSONRipper,3,1,1
ripme,com.rarchives.ripme.ripper,AbstractJSONRipper,getDomain,0,1,0
ripme,com.rarchives.ripme.ripper,AbstractJSONRipper,getHost,0,1,0
ripme,com.rarchives.ripme.ripper,AbstractJSONRipper,getFirstPage,0,1,0
ripme,com.rarchives.ripme.ripper,AbstractJSONRipper,getNextPage,3,1,1
ripme,com.rarchives.ripme.ripper,AbstractJSONRipper,getURLsFromJSON,0,1,1
ripme,com.rarchives.ripme.ripper,AbstractJSONRipper,downloadURL,0,1,2
ripme,com.rarchives.ripme.ripper,AbstractJSONRipper,getThreadPool,3,1,0
ripme,com.rarchives.ripme.ripper,AbstractJSONRipper,keepSortOrder,3,1,0
ripme,com.rarchives.ripme.ripper,AbstractJSONRipper,canRip,3,1,1
ripme,com.rarchives.ripme.ripper,AbstractJSONRipper,sanitizeURL,3,1,1
ripme,com.rarchives.ripme.ripper,AbstractJSONRipper,rip,41,9,0
ripme,com.rarchives.ripme.ripper,AbstractJSONRipper,getPrefix,7,2,1
ripme,com.rarchives.ripme.ripper,AbstractRipper,rip,0,1,0
ripme,com.rarchives.ripme.ripper,AbstractRipper,getHost,0,1,0
ripme,com.rarchives.ripme.ripper,AbstractRipper,getGID,0,1,1
ripme,com.rarchives.ripme.ripper,AbstractRipper,stop,3,1,0
ripme,com.rarchives.ripme.ripper,AbstractRipper,isStopped,3,1,0
ripme,com.rarchives.ripme.ripper,AbstractRipper,stopCheck,5,2,0
ripme,com.rarchives.ripme.ripper,AbstractRipper,AbstractRipper,6,2,1
ripme,com.rarchives.ripme.ripper,AbstractRipper,setup,10,2,0
ripme,com.rarchives.ripme.ripper,AbstractRipper,setObserver,3,1,1
ripme,com.rarchives.ripme.ripper,AbstractRipper,addURLToDownload,0,1,2
ripme,com.rarchives.ripme.ripper,AbstractRipper,addURLToDownload,0,1,4
ripme,com.rarchives.ripme.ripper,AbstractRipper,addURLToDownload,41,7,5
ripme,com.rarchives.ripme.ripper,AbstractRipper,addURLToDownload,3,1,3
ripme,com.rarchives.ripme.ripper,AbstractRipper,addURLToDownload,3,1,2
ripme,com.rarchives.ripme.ripper,AbstractRipper,waitForThreads,6,1,0
ripme,com.rarchives.ripme.ripper,AbstractRipper,retrievingSource,6,2,1
ripme,com.rarchives.ripme.ripper,AbstractRipper,downloadCompleted,0,1,2
ripme,com.rarchives.ripme.ripper,AbstractRipper,downloadErrored,0,1,2
ripme,com.rarchives.ripme.ripper,AbstractRipper,downloadExists,0,1,2
ripme,com.rarchives.ripme.ripper,AbstractRipper,getCount,3,1,0
ripme,com.rarchives.ripme.ripper,AbstractRipper,checkIfComplete,29,5,0
ripme,com.rarchives.ripme.ripper,AbstractRipper,getURL,3,1,0
ripme,com.rarchives.ripme.ripper,AbstractRipper,getWorkingDir,3,1,0
ripme,com.rarchives.ripme.ripper,AbstractRipper,setWorkingDir,0,1,1
ripme,com.rarchives.ripme.ripper,AbstractRipper,getAlbumTitle,3,1,1
ripme,com.rarchives.ripme.ripper,AbstractRipper,getRipper,21,3,1
ripme,com.rarchives.ripme.ripper,AbstractRipper,getRipperConstructors,9,3,1
ripme,com.rarchives.ripme.ripper,AbstractRipper,sendUpdate,6,2,2
ripme,com.rarchives.ripme.ripper,AbstractRipper,getCompletionPercentage,0,1,0
ripme,com.rarchives.ripme.ripper,AbstractRipper,getStatusText,0,1,0
ripme,com.rarchives.ripme.ripper,AbstractRipper,run,23,1,0
ripme,com.rarchives.ripme.ripper,AbstractRipper,cleanup,9,3,0
ripme,com.rarchives.ripme.ripper,AbstractRipper,sleep,11,1,1
ripme,com.rarchives.ripme.ripper,AbstractRipper,setBytesTotal,2,1,1
ripme,com.rarchives.ripme.ripper,AbstractRipper,setBytesCompleted,2,1,1
ripme,com.rarchives.ripme.ripper,AbstractRipper,markAsTest,4,1,0
ripme,com.rarchives.ripme.ripper,AbstractRipper,isThisATest,3,1,0
ripme,com.rarchives.ripme.ripper,AlbumRipper,AlbumRipper,3,1,1
ripme,com.rarchives.ripme.ripper,AlbumRipper,canRip,0,1,1
ripme,com.rarchives.ripme.ripper,AlbumRipper,sanitizeURL,0,1,1
ripme,com.rarchives.ripme.ripper,AlbumRipper,rip,0,1,0
ripme,com.rarchives.ripme.ripper,AlbumRipper,getHost,0,1,0
ripme,com.rarchives.ripme.ripper,AlbumRipper,getGID,0,1,1
ripme,com.rarchives.ripme.ripper,AlbumRipper,allowDuplicates,3,1,0
ripme,com.rarchives.ripme.ripper,AlbumRipper,getCount,3,1,0
ripme,com.rarchives.ripme.ripper,AlbumRipper,addURLToDownload,37,6,4
ripme,com.rarchives.ripme.ripper,AlbumRipper,addURLToDownload,3,1,2
ripme,com.rarchives.ripme.ripper,AlbumRipper,addURLToDownload,3,1,1
ripme,com.rarchives.ripme.ripper,AlbumRipper,downloadCompleted,16,2,2
ripme,com.rarchives.ripme.ripper,AlbumRipper,downloadErrored,9,2,2
ripme,com.rarchives.ripme.ripper,AlbumRipper,downloadExists,9,2,2
ripme,com.rarchives.ripme.ripper,AlbumRipper,checkIfComplete,8,3,0
ripme,com.rarchives.ripme.ripper,AlbumRipper,setWorkingDir,22,4,1
ripme,com.rarchives.ripme.ripper,AlbumRipper,getCompletionPercentage,4,1,0
ripme,com.rarchives.ripme.ripper,AlbumRipper,getStatusText,5,1,0
ripme,com.rarchives.ripme.ripper,DownloadFileThread,DownloadFileThread,9,1,3
ripme,com.rarchives.ripme.ripper,DownloadFileThread,setReferrer,3,1,1
ripme,com.rarchives.ripme.ripper,DownloadFileThread,setCookies,3,1,1
ripme,com.rarchives.ripme.ripper,DownloadFileThread,run,121,17,0
ripme,com.rarchives.ripme.ripper,DownloadThreadPool,DownloadThreadPool,3,1,0
ripme,com.rarchives.ripme.ripper,DownloadThreadPool,DownloadThreadPool,3,1,1
ripme,com.rarchives.ripme.ripper,DownloadThreadPool,initialize,5,1,1
ripme,com.rarchives.ripme.ripper,DownloadThreadPool,addThread,3,1,1
ripme,com.rarchives.ripme.ripper,DownloadThreadPool,waitForThreads,9,1,0
ripme,com.rarchives.ripme.ripper,DownloadVideoThread,DownloadVideoThread,8,1,3
ripme,com.rarchives.ripme.ripper,DownloadVideoThread,run,103,9,0
ripme,com.rarchives.ripme.ripper,DownloadVideoThread,getTotalBytes,8,1,1
ripme,com.rarchives.ripme.ripper,RipperInterface,rip,0,1,0
ripme,com.rarchives.ripme.ripper,RipperInterface,canRip,0,1,1
ripme,com.rarchives.ripme.ripper,RipperInterface,sanitizeURL,0,1,1
ripme,com.rarchives.ripme.ripper,RipperInterface,setWorkingDir,0,1,1
ripme,com.rarchives.ripme.ripper,RipperInterface,getHost,0,1,0
ripme,com.rarchives.ripme.ripper,RipperInterface,getGID,0,1,1
ripme,com.rarchives.ripme.ripper,VideoRipper,VideoRipper,3,1,1
ripme,com.rarchives.ripme.ripper,VideoRipper,canRip,0,1,1
ripme,com.rarchives.ripme.ripper,VideoRipper,rip,0,1,0
ripme,com.rarchives.ripme.ripper,VideoRipper,getHost,0,1,0
ripme,com.rarchives.ripme.ripper,VideoRipper,getGID,0,1,1
ripme,com.rarchives.ripme.ripper,VideoRipper,setBytesTotal,3,1,1
ripme,com.rarchives.ripme.ripper,VideoRipper,setBytesCompleted,3,1,1
ripme,com.rarchives.ripme.ripper,VideoRipper,getAlbumTitle,3,1,1
ripme,com.rarchives.ripme.ripper,VideoRipper,addURLToDownload,26,3,2
ripme,com.rarchives.ripme.ripper,VideoRipper,addURLToDownload,3,1,4
ripme,com.rarchives.ripme.ripper,VideoRipper,setWorkingDir,13,3,1
ripme,com.rarchives.ripme.ripper,VideoRipper,getCompletionPercentage,3,1,0
ripme,com.rarchives.ripme.ripper,VideoRipper,downloadCompleted,14,2,2
ripme,com.rarchives.ripme.ripper,VideoRipper,downloadErrored,7,2,2
ripme,com.rarchives.ripme.ripper,VideoRipper,downloadExists,7,2,2
ripme,com.rarchives.ripme.ripper,VideoRipper,getStatusText,5,1,0
ripme,com.rarchives.ripme.ripper,VideoRipper,sanitizeURL,3,1,1
ripme,com.rarchives.ripme.ripper,VideoRipper,checkIfComplete,8,3,0
ripme,com.rarchives.ripme.ripper.rippers,BcfakesRipper,BcfakesRipper,3,1,1
ripme,com.rarchives.ripme.ripper.rippers,BcfakesRipper,getHost,3,1,0
ripme,com.rarchives.ripme.ripper.rippers,BcfakesRipper,getDomain,3,1,0
ripme,com.rarchives.ripme.ripper.rippers,BcfakesRipper,getGID,10,2,1
ripme,com.rarchives.ripme.ripper.rippers,BcfakesRipper,getFirstPage,3,1,0
ripme,com.rarchives.ripme.ripper.rippers,BcfakesRipper,getNextPage,9,2,1
ripme,com.rarchives.ripme.ripper.rippers,BcfakesRipper,getURLsFromPage,9,2,1
ripme,com.rarchives.ripme.ripper.rippers,BcfakesRipper,downloadURL,3,1,2
ripme,com.rarchives.ripme.ripper.rippers,ButttoucherRipper,ButttoucherRipper,3,1,1
ripme,com.rarchives.ripme.ripper.rippers,ButttoucherRipper,getHost,3,1,0
ripme,com.rarchives.ripme.ripper.rippers,ButttoucherRipper,getDomain,3,1,0
ripme,com.rarchives.ripme.ripper.rippers,ButttoucherRipper,getGID,10,2,1
ripme,com.rarchives.ripme.ripper.rippers,ButttoucherRipper,getFirstPage,3,1,0
ripme,com.rarchives.ripme.ripper.rippers,ButttoucherRipper,getURLsFromPage,11,3,1
ripme,com.rarchives.ripme.ripper.rippers,ButttoucherRipper,downloadURL,3,1,2
ripme,com.rarchives.ripme.ripper.rippers,ChanRipper,ChanRipper,12,4,1
ripme,com.rarchives.ripme.ripper.rippers,ChanRipper,getHost,9,2,0
ripme,com.rarchives.ripme.ripper.rippers,ChanRipper,getAlbumTitle,11,1,1
ripme,com.rarchives.ripme.ripper.rippers,ChanRipper,canRip,8,3,1
ripme,com.rarchives.ripme.ripper.rippers,ChanRipper,getGID,18,4,1
ripme,com.rarchives.ripme.ripper.rippers,ChanRipper,getDomain,3,1,0
ripme,com.rarchives.ripme.ripper.rippers,ChanRipper,getFirstPage,3,1,0
ripme,com.rarchives.ripme.ripper.rippers,ChanRipper,isURLBlacklisted,9,3,1
ripme,com.rarchives.ripme.ripper.rippers,ChanRipper,getURLsFromPage,59,15,1
ripme,com.rarchives.ripme.ripper.rippers,ChanRipper,downloadURL,3,1,2
ripme,com.rarchives.ripme.ripper.rippers,CheebyRipper,CheebyRipper,3,1,1
ripme,com.rarchives.ripme.ripper.rippers,CheebyRipper,getHost,3,1,0
ripme,com.rarchives.ripme.ripper.rippers,CheebyRipper,getDomain,3,1,0
ripme,com.rarchives.ripme.ripper.rippers,CheebyRipper,getGID,8,2,1
ripme,com.rarchives.ripme.ripper.rippers,CheebyRipper,sanitizeURL,3,1,1
ripme,com.rarchives.ripme.ripper.rippers,CheebyRipper,getFirstPage,4,1,0
ripme,com.rarchives.ripme.ripper.rippers,CheebyRipper,getNextPage,10,2,1
ripme,com.rarchives.ripme.ripper.rippers,CheebyRipper,downloadURL,2,1,2
ripme,com.rarchives.ripme.ripper.rippers,CheebyRipper,getURLsFromPage,3,1,1
ripme,com.rarchives.ripme.ripper.rippers,CheebyRipper,getImagesFromPage,21,4,1
ripme,com.rarchives.ripme.ripper.rippers,CheebyRipper,rip,47,11,0
ripme,com.rarchives.ripme.ripper.rippers,CheebyRipper,Image,5,1,3
ripme,com.rarchives.ripme.ripper.rippers,Image,Image,5,1,3
ripme,com.rarchives.ripme.ripper.rippers,CheveretoRipper,CheveretoRipper,3,1,1
ripme,com.rarchives.ripme.ripper.rippers,CheveretoRipper,getHost,4,1,0
ripme,com.rarchives.ripme.ripper.rippers,CheveretoRipper,getDomain,4,1,0
ripme,com.rarchives.ripme.ripper.rippers,CheveretoRipper,canRip,11,3,1
ripme,com.rarchives.ripme.ripper.rippers,CheveretoRipper,getAlbumTitle,12,1,1
ripme,com.rarchives.ripme.ripper.rippers,CheveretoRipper,getGID,8,2,1
ripme,com.rarchives.ripme.ripper.rippers,CheveretoRipper,getFirstPage,3,1,0
ripme,com.rarchives.ripme.ripper.rippers,CheveretoRipper,getNextPage,14,3,1
ripme,com.rarchives.ripme.ripper.rippers,CheveretoRipper,getURLsFromPage,9,2,1
ripme,com.rarchives.ripme.ripper.rippers,CheveretoRipper,downloadURL,3,1,2
ripme,com.rarchives.ripme.ripper.rippers,DatwinRipper,DatwinRipper,3,1,1
ripme,com.rarchives.ripme.ripper.rippers,DatwinRipper,getHost,3,1,0
ripme,com.rarchives.ripme.ripper.rippers,DatwinRipper,getDomain,3,1,0
ripme,com.rarchives.ripme.ripper.rippers,DatwinRipper,getGID,8,2,1
ripme,com.rarchives.ripme.ripper.rippers,DatwinRipper,getFirstPage,3,1,0
ripme,com.rarchives.ripme.ripper.rippers,DatwinRipper,getURLsFromPage,9,2,1
ripme,com.rarchives.ripme.ripper.rippers,DatwinRipper,downloadURL,3,1,2
ripme,com.rarchives.ripme.ripper.rippers,DeviantartRipper,DeviantartRipper,3,1,1
ripme,com.rarchives.ripme.ripper.rippers,DeviantartRipper,getHost,3,1,0
ripme,com.rarchives.ripme.ripper.rippers,DeviantartRipper,getDomain,3,1,0
ripme,com.rarchives.ripme.ripper.rippers,DeviantartRipper,hasDescriptionSupport,3,1,0
ripme,com.rarchives.ripme.ripper.rippers,DeviantartRipper,sanitizeURL,19,5,1
ripme,com.rarchives.ripme.ripper.rippers,DeviantartRipper,getGID,28,6,1
ripme,com.rarchives.ripme.ripper.rippers,DeviantartRipper,getFirstPage,10,1,0
ripme,com.rarchives.ripme.ripper.rippers,DeviantartRipper,jsonToImage,21,4,2
ripme,com.rarchives.ripme.ripper.rippers,DeviantartRipper,getURLsFromPage,47,12,1
ripme,com.rarchives.ripme.ripper.rippers,DeviantartRipper,getDescriptionsFromPage,15,4,1
ripme,com.rarchives.ripme.ripper.rippers,DeviantartRipper,getNextPage,24,6,1
ripme,com.rarchives.ripme.ripper.rippers,DeviantartRipper,keepSortOrder,3,1,0
ripme,com.rarchives.ripme.ripper.rippers,DeviantartRipper,downloadURL,4,1,2
ripme,com.rarchives.ripme.ripper.rippers,DeviantartRipper,thumbToFull,16,4,2
ripme,com.rarchives.ripme.ripper.rippers,DeviantartRipper,getDescription,41,6,2
ripme,com.rarchives.ripme.ripper.rippers,DeviantartRipper,smallToFull,54,7,2
ripme,com.rarchives.ripme.ripper.rippers,DeviantartRipper,loginToDeviantart,26,6,0
ripme,com.rarchives.ripme.ripper.rippers,DrawcrowdRipper,DrawcrowdRipper,3,1,1
ripme,com.rarchives.ripme.ripper.rippers,DrawcrowdRipper,getHost,3,1,0
ripme,com.rarchives.ripme.ripper.rippers,DrawcrowdRipper,getDomain,3,1,0
ripme,com.rarchives.ripme.ripper.rippers,DrawcrowdRipper,getGID,15,3,1
ripme,com.rarchives.ripme.ripper.rippers,DrawcrowdRipper,getFirstPage,3,1,0
ripme,com.rarchives.ripme.ripper.rippers,DrawcrowdRipper,getNextPage,11,3,1
ripme,com.rarchives.ripme.ripper.rippers,DrawcrowdRipper,getURLsFromPage,9,2,1
ripme,com.rarchives.ripme.ripper.rippers,DrawcrowdRipper,downloadURL,3,1,2
ripme,com.rarchives.ripme.ripper.rippers,E621Ripper,E621Ripper,3,1,1
ripme,com.rarchives.ripme.ripper.rippers,E621Ripper,getThreadPool,3,1,0
ripme,com.rarchives.ripme.ripper.rippers,E621Ripper,getDomain,3,1,0
ripme,com.rarchives.ripme.ripper.rippers,E621Ripper,getHost,3,1,0
ripme,com.rarchives.ripme.ripper.rippers,E621Ripper,getFirstPage,8,2,0
ripme,com.rarchives.ripme.ripper.rippers,E621Ripper,getURLsFromPage,23,6,1
ripme,com.rarchives.ripme.ripper.rippers,E621Ripper,getNextPage,8,3,1
ripme,com.rarchives.ripme.ripper.rippers,E621Ripper,downloadURL,23,3,2
ripme,com.rarchives.ripme.ripper.rippers,E621Ripper,run,18,3,0
ripme,com.rarchives.ripme.ripper.rippers,E621Ripper,getTerm,33,8,1
ripme,com.rarchives.ripme.ripper.rippers,E621Ripper,getGID,10,2,1
ripme,com.rarchives.ripme.ripper.rippers,EHentaiRipper,getThreadPool,3,1,0
ripme,com.rarchives.ripme.ripper.rippers,EHentaiRipper,EHentaiRipper,3,1,1
ripme,com.rarchives.ripme.ripper.rippers,EHentaiRipper,getHost,3,1,0
ripme,com.rarchives.ripme.ripper.rippers,EHentaiRipper,getDomain,3,1,0
ripme,com.rarchives.ripme.ripper.rippers,EHentaiRipper,getAlbumTitle,13,2,1
ripme,com.rarchives.ripme.ripper.rippers,EHentaiRipper,getGID,10,2,1
ripme,com.rarchives.ripme.ripper.rippers,EHentaiRipper,getPageWithRetries,25,4,1
ripme,com.rarchives.ripme.ripper.rippers,EHentaiRipper,getFirstPage,7,2,0
ripme,com.rarchives.ripme.ripper.rippers,EHentaiRipper,getNextPage,19,4,1
ripme,com.rarchives.ripme.ripper.rippers,EHentaiRipper,getURLsFromPage,8,2,1
ripme,com.rarchives.ripme.ripper.rippers,EHentaiRipper,downloadURL,10,1,2
ripme,com.rarchives.ripme.ripper.rippers,EHentaiRipper,EHentaiImageThread,6,1,3
ripme,com.rarchives.ripme.ripper.rippers,EHentaiRipper,run,3,1,0
ripme,com.rarchives.ripme.ripper.rippers,EHentaiRipper,fetchImage,36,6,0
ripme,com.rarchives.ripme.ripper.rippers,EHentaiImageThread,EHentaiImageThread,6,1,3
ripme,com.rarchives.ripme.ripper.rippers,EHentaiImageThread,run,3,1,0
ripme,com.rarchives.ripme.ripper.rippers,EHentaiImageThread,fetchImage,36,6,0
ripme,com.rarchives.ripme.ripper.rippers,EightmusesRipper,EightmusesRipper,3,1,1
ripme,com.rarchives.ripme.ripper.rippers,EightmusesRipper,getHost,3,1,0
ripme,com.rarchives.ripme.ripper.rippers,EightmusesRipper,getDomain,3,1,0
ripme,com.rarchives.ripme.ripper.rippers,EightmusesRipper,getGID,8,2,1
ripme,com.rarchives.ripme.ripper.rippers,EightmusesRipper,getAlbumTitle,13,1,1
ripme,com.rarchives.ripme.ripper.rippers,EightmusesRipper,getFirstPage,8,2,0
ripme,com.rarchives.ripme.ripper.rippers,EightmusesRipper,getURLsFromPage,60,12,1
ripme,com.rarchives.ripme.ripper.rippers,EightmusesRipper,getFullSizeImage,7,1,1
ripme,com.rarchives.ripme.ripper.rippers,EightmusesRipper,downloadURL,3,1,2
ripme,com.rarchives.ripme.ripper.rippers,EightmusesRipper,getPrefix,3,1,1
ripme,com.rarchives.ripme.ripper.rippers,EroShareRipper,EroShareRipper,3,1,1
ripme,com.rarchives.ripme.ripper.rippers,EroShareRipper,getDomain,3,1,0
ripme,com.rarchives.ripme.ripper.rippers,EroShareRipper,getHost,3,1,0
ripme,com.rarchives.ripme.ripper.rippers,EroShareRipper,downloadURL,3,1,2
ripme,com.rarchives.ripme.ripper.rippers,EroShareRipper,canRip,13,3,1
ripme,com.rarchives.ripme.ripper.rippers,EroShareRipper,is_profile,8,2,1
ripme,com.rarchives.ripme.ripper.rippers,EroShareRipper,getNextPage,10,2,1
ripme,com.rarchives.ripme.ripper.rippers,EroShareRipper,getAlbumTitle,15,2,1
ripme,com.rarchives.ripme.ripper.rippers,EroShareRipper,getURLsFromPage,40,8,1
ripme,com.rarchives.ripme.ripper.rippers,EroShareRipper,getFirstPage,5,1,0
ripme,com.rarchives.ripme.ripper.rippers,EroShareRipper,getGID,13,3,1
ripme,com.rarchives.ripme.ripper.rippers,EroShareRipper,getURLs,22,5,1
ripme,com.rarchives.ripme.ripper.rippers,FapprovedRipper,FapprovedRipper,3,1,1
ripme,com.rarchives.ripme.ripper.rippers,FapprovedRipper,getHost,3,1,0
ripme,com.rarchives.ripme.ripper.rippers,FapprovedRipper,getDomain,3,1,0
ripme,com.rarchives.ripme.ripper.rippers,FapprovedRipper,getGID,9,2,1
ripme,com.rarchives.ripme.ripper.rippers,FapprovedRipper,sanitizeURL,3,1,1
ripme,com.rarchives.ripme.ripper.rippers,FapprovedRipper,getFirstPage,5,1,0
ripme,com.rarchives.ripme.ripper.rippers,FapprovedRipper,getNextPage,9,2,1
ripme,com.rarchives.ripme.ripper.rippers,FapprovedRipper,getPageURL,6,2,1
ripme,com.rarchives.ripme.ripper.rippers,FapprovedRipper,getURLsFromPage,14,4,1
ripme,com.rarchives.ripme.ripper.rippers,FapprovedRipper,downloadURL,3,1,2
ripme,com.rarchives.ripme.ripper.rippers,FineboxRipper,FineboxRipper,3,1,1
ripme,com.rarchives.ripme.ripper.rippers,FineboxRipper,canRip,3,1,1
ripme,com.rarchives.ripme.ripper.rippers,FineboxRipper,sanitizeURL,3,1,1
ripme,com.rarchives.ripme.ripper.rippers,FineboxRipper,rip,38,5,0
ripme,com.rarchives.ripme.ripper.rippers,FineboxRipper,getHost,3,1,0
ripme,com.rarchives.ripme.ripper.rippers,FineboxRipper,getGID,8,2,1
ripme,com.rarchives.ripme.ripper.rippers,FivehundredpxRipper,FivehundredpxRipper,3,1,1
ripme,com.rarchives.ripme.ripper.rippers,FivehundredpxRipper,getHost,3,1,0
ripme,com.rarchives.ripme.ripper.rippers,FivehundredpxRipper,getDomain,3,1,0
ripme,com.rarchives.ripme.ripper.rippers,FivehundredpxRipper,getGID,62,7,1
ripme,com.rarchives.ripme.ripper.rippers,FivehundredpxRipper,getUserID,5,1,1
ripme,com.rarchives.ripme.ripper.rippers,FivehundredpxRipper,getFirstPage,50,9,0
ripme,com.rarchives.ripme.ripper.rippers,FivehundredpxRipper,getNextPage,16,4,1
ripme,com.rarchives.ripme.ripper.rippers,FivehundredpxRipper,getURLsFromJSON,51,8,1
ripme,com.rarchives.ripme.ripper.rippers,FivehundredpxRipper,urlExists,13,2,1
ripme,com.rarchives.ripme.ripper.rippers,FivehundredpxRipper,keepSortOrder,3,1,0
ripme,com.rarchives.ripme.ripper.rippers,FivehundredpxRipper,downloadURL,7,1,2
ripme,com.rarchives.ripme.ripper.rippers,FlickrRipper,getThreadPool,3,1,0
ripme,com.rarchives.ripme.ripper.rippers,FlickrRipper,FlickrRipper,4,1,1
ripme,com.rarchives.ripme.ripper.rippers,FlickrRipper,getHost,3,1,0
ripme,com.rarchives.ripme.ripper.rippers,FlickrRipper,getDomain,3,1,0
ripme,com.rarchives.ripme.ripper.rippers,FlickrRipper,sanitizeURL,11,3,1
ripme,com.rarchives.ripme.ripper.rippers,FlickrRipper,getAlbumTitle,18,3,1
ripme,com.rarchives.ripme.ripper.rippers,FlickrRipper,getGID,22,4,1
ripme,com.rarchives.ripme.ripper.rippers,FlickrRipper,getFirstPage,6,2,0
ripme,com.rarchives.ripme.ripper.rippers,FlickrRipper,getNextPage,27,5,1
ripme,com.rarchives.ripme.ripper.rippers,FlickrRipper,getURLsFromPage,25,7,1
ripme,com.rarchives.ripme.ripper.rippers,FlickrRipper,downloadURL,4,1,2
ripme,com.rarchives.ripme.ripper.rippers,FlickrRipper,signinToFlickr,15,2,0
ripme,com.rarchives.ripme.ripper.rippers,FlickrRipper,FlickrImageThread,5,1,2
ripme,com.rarchives.ripme.ripper.rippers,FlickrRipper,run,22,3,0
ripme,com.rarchives.ripme.ripper.rippers,FlickrRipper,getLargestImagePageDocument,21,5,1
ripme,com.rarchives.ripme.ripper.rippers,FlickrImageThread,FlickrImageThread,5,1,2
ripme,com.rarchives.ripme.ripper.rippers,FlickrImageThread,run,22,3,0
ripme,com.rarchives.ripme.ripper.rippers,FlickrImageThread,getLargestImagePageDocument,21,5,1
ripme,com.rarchives.ripme.ripper.rippers,FuraffinityRipper,getThreadPool,3,1,0
ripme,com.rarchives.ripme.ripper.rippers,FuraffinityRipper,FuraffinityRipper,3,1,1
ripme,com.rarchives.ripme.ripper.rippers,FuraffinityRipper,getDomain,3,1,0
ripme,com.rarchives.ripme.ripper.rippers,FuraffinityRipper,getHost,3,1,0
ripme,com.rarchives.ripme.ripper.rippers,FuraffinityRipper,hasDescriptionSupport,3,1,0
ripme,com.rarchives.ripme.ripper.rippers,FuraffinityRipper,getFirstPage,6,2,0
ripme,com.rarchives.ripme.ripper.rippers,FuraffinityRipper,login,14,1,0
ripme,com.rarchives.ripme.ripper.rippers,FuraffinityRipper,getNextPage,14,3,1
ripme,com.rarchives.ripme.ripper.rippers,FuraffinityRipper,getURLsFromPage,8,2,1
ripme,com.rarchives.ripme.ripper.rippers,FuraffinityRipper,getDescriptionsFromPage,9,2,1
ripme,com.rarchives.ripme.ripper.rippers,FuraffinityRipper,descSleepTime,3,1,0
ripme,com.rarchives.ripme.ripper.rippers,FuraffinityRipper,getDescription,26,2,1
ripme,com.rarchives.ripme.ripper.rippers,FuraffinityRipper,saveText,39,4,4
ripme,com.rarchives.ripme.ripper.rippers,FuraffinityRipper,downloadURL,4,1,2
ripme,com.rarchives.ripme.ripper.rippers,FuraffinityRipper,getGID,8,2,1
ripme,com.rarchives.ripme.ripper.rippers,FuraffinityRipper,FuraffinityDocumentThread,4,1,1
ripme,com.rarchives.ripme.ripper.rippers,FuraffinityRipper,run,25,2,0
ripme,com.rarchives.ripme.ripper.rippers,FuraffinityDocumentThread,FuraffinityDocumentThread,4,1,1
ripme,com.rarchives.ripme.ripper.rippers,FuraffinityDocumentThread,run,25,2,0
ripme,com.rarchives.ripme.ripper.rippers,FuskatorRipper,FuskatorRipper,3,1,1
ripme,com.rarchives.ripme.ripper.rippers,FuskatorRipper,getHost,3,1,0
ripme,com.rarchives.ripme.ripper.rippers,FuskatorRipper,getDomain,3,1,0
ripme,com.rarchives.ripme.ripper.rippers,FuskatorRipper,sanitizeURL,7,2,1
ripme,com.rarchives.ripme.ripper.rippers,FuskatorRipper,getGID,8,2,1
ripme,com.rarchives.ripme.ripper.rippers,FuskatorRipper,getFirstPage,3,1,0
ripme,com.rarchives.ripme.ripper.rippers,FuskatorRipper,getURLsFromPage,18,3,1
ripme,com.rarchives.ripme.ripper.rippers,FuskatorRipper,downloadURL,3,1,2
ripme,com.rarchives.ripme.ripper.rippers,GifyoRipper,GifyoRipper,3,1,1
ripme,com.rarchives.ripme.ripper.rippers,GifyoRipper,getHost,3,1,0
ripme,com.rarchives.ripme.ripper.rippers,GifyoRipper,getDomain,3,1,0
ripme,com.rarchives.ripme.ripper.rippers,GifyoRipper,getGID,8,2,1
ripme,com.rarchives.ripme.ripper.rippers,GifyoRipper,sanitizeURL,3,1,1
ripme,com.rarchives.ripme.ripper.rippers,GifyoRipper,getFirstPage,10,2,0
ripme,com.rarchives.ripme.ripper.rippers,GifyoRipper,getNextPage,16,2,1
ripme,com.rarchives.ripme.ripper.rippers,GifyoRipper,getURLsFromPage,14,3,1
ripme,com.rarchives.ripme.ripper.rippers,GifyoRipper,downloadURL,3,1,2
ripme,com.rarchives.ripme.ripper.rippers,GirlsOfDesireRipper,GirlsOfDesireRipper,3,1,1
ripme,com.rarchives.ripme.ripper.rippers,GirlsOfDesireRipper,getHost,3,1,0
ripme,com.rarchives.ripme.ripper.rippers,GirlsOfDesireRipper,getDomain,3,1,0
ripme,com.rarchives.ripme.ripper.rippers,GirlsOfDesireRipper,getAlbumTitle,11,1,1
ripme,com.rarchives.ripme.ripper.rippers,GirlsOfDesireRipper,getGID,10,2,1
ripme,com.rarchives.ripme.ripper.rippers,GirlsOfDesireRipper,getFirstPage,6,2,0
ripme,com.rarchives.ripme.ripper.rippers,GirlsOfDesireRipper,getURLsFromPage,12,3,1
ripme,com.rarchives.ripme.ripper.rippers,GirlsOfDesireRipper,downloadURL,3,1,2
ripme,com.rarchives.ripme.ripper.rippers,HentaifoundryRipper,HentaifoundryRipper,3,1,1
ripme,com.rarchives.ripme.ripper.rippers,HentaifoundryRipper,getHost,3,1,0
ripme,com.rarchives.ripme.ripper.rippers,HentaifoundryRipper,getDomain,3,1,0
ripme,com.rarchives.ripme.ripper.rippers,HentaifoundryRipper,getGID,8,2,1
ripme,com.rarchives.ripme.ripper.rippers,HentaifoundryRipper,getFirstPage,10,1,0
ripme,com.rarchives.ripme.ripper.rippers,HentaifoundryRipper,getNextPage,10,2,1
ripme,com.rarchives.ripme.ripper.rippers,HentaifoundryRipper,getURLsFromPage,35,5,1
ripme,com.rarchives.ripme.ripper.rippers,HentaifoundryRipper,downloadURL,3,1,2
ripme,com.rarchives.ripme.ripper.rippers,ImagearnRipper,ImagearnRipper,3,1,1
ripme,com.rarchives.ripme.ripper.rippers,ImagearnRipper,getHost,3,1,0
ripme,com.rarchives.ripme.ripper.rippers,ImagearnRipper,getDomain,3,1,0
ripme,com.rarchives.ripme.ripper.rippers,ImagearnRipper,getGID,8,2,1
ripme,com.rarchives.ripme.ripper.rippers,ImagearnRipper,sanitizeURL,13,2,1
ripme,com.rarchives.ripme.ripper.rippers,ImagearnRipper,getGalleryFromImage,12,3,1
ripme,com.rarchives.ripme.ripper.rippers,ImagearnRipper,getFirstPage,3,1,0
ripme,com.rarchives.ripme.ripper.rippers,ImagearnRipper,getURLsFromPage,9,2,1
ripme,com.rarchives.ripme.ripper.rippers,ImagearnRipper,downloadURL,4,1,2
ripme,com.rarchives.ripme.ripper.rippers,ImagebamRipper,getThreadPool,3,1,0
ripme,com.rarchives.ripme.ripper.rippers,ImagebamRipper,ImagebamRipper,3,1,1
ripme,com.rarchives.ripme.ripper.rippers,ImagebamRipper,getHost,3,1,0
ripme,com.rarchives.ripme.ripper.rippers,ImagebamRipper,getDomain,3,1,0
ripme,com.rarchives.ripme.ripper.rippers,ImagebamRipper,getGID,10,2,1
ripme,com.rarchives.ripme.ripper.rippers,ImagebamRipper,getFirstPage,6,2,0
ripme,com.rarchives.ripme.ripper.rippers,ImagebamRipper,getNextPage,9,2,1
ripme,com.rarchives.ripme.ripper.rippers,ImagebamRipper,getURLsFromPage,7,2,1
ripme,com.rarchives.ripme.ripper.rippers,ImagebamRipper,downloadURL,5,1,2
ripme,com.rarchives.ripme.ripper.rippers,ImagebamRipper,getAlbumTitle,17,2,1
ripme,com.rarchives.ripme.ripper.rippers,ImagebamRipper,ImagebamImageThread,5,1,2
ripme,com.rarchives.ripme.ripper.rippers,ImagebamRipper,run,3,1,0
ripme,com.rarchives.ripme.ripper.rippers,ImagebamRipper,fetchImage,21,3,0
ripme,com.rarchives.ripme.ripper.rippers,ImagebamImageThread,ImagebamImageThread,5,1,2
ripme,com.rarchives.ripme.ripper.rippers,ImagebamImageThread,run,3,1,0
ripme,com.rarchives.ripme.ripper.rippers,ImagebamImageThread,fetchImage,21,3,0
ripme,com.rarchives.ripme.ripper.rippers,ImagefapRipper,ImagefapRipper,3,1,1
ripme,com.rarchives.ripme.ripper.rippers,ImagefapRipper,getHost,3,1,0
ripme,com.rarchives.ripme.ripper.rippers,ImagefapRipper,getDomain,3,1,0
ripme,com.rarchives.ripme.ripper.rippers,ImagefapRipper,sanitizeURL,10,2,1
ripme,com.rarchives.ripme.ripper.rippers,ImagefapRipper,getGID,38,7,1
ripme,com.rarchives.ripme.ripper.rippers,ImagefapRipper,getFirstPage,6,2,0
ripme,com.rarchives.ripme.ripper.rippers,ImagefapRipper,getNextPage,14,4,1
ripme,com.rarchives.ripme.ripper.rippers,ImagefapRipper,getURLsFromPage,16,4,1
ripme,com.rarchives.ripme.ripper.rippers,ImagefapRipper,downloadURL,3,1,2
ripme,com.rarchives.ripme.ripper.rippers,ImagefapRipper,getAlbumTitle,13,2,1
ripme,com.rarchives.ripme.ripper.rippers,ImagestashRipper,ImagestashRipper,3,1,1
ripme,com.rarchives.ripme.ripper.rippers,ImagestashRipper,getHost,3,1,0
ripme,com.rarchives.ripme.ripper.rippers,ImagestashRipper,getDomain,3,1,0
ripme,com.rarchives.ripme.ripper.rippers,ImagestashRipper,getGID,8,2,1
ripme,com.rarchives.ripme.ripper.rippers,ImagestashRipper,getFirstPage,4,1,0
ripme,com.rarchives.ripme.ripper.rippers,ImagestashRipper,getNextPage,9,2,1
ripme,com.rarchives.ripme.ripper.rippers,ImagestashRipper,getURLsFromJSON,13,3,1
ripme,com.rarchives.ripme.ripper.rippers,ImagestashRipper,downloadURL,3,1,2
ripme,com.rarchives.ripme.ripper.rippers,ImagevenueRipper,getThreadPool,3,1,0
ripme,com.rarchives.ripme.ripper.rippers,ImagevenueRipper,ImagevenueRipper,3,1,1
ripme,com.rarchives.ripme.ripper.rippers,ImagevenueRipper,getHost,3,1,0
ripme,com.rarchives.ripme.ripper.rippers,ImagevenueRipper,getDomain,3,1,0
ripme,com.rarchives.ripme.ripper.rippers,ImagevenueRipper,getGID,10,2,1
ripme,com.rarchives.ripme.ripper.rippers,ImagevenueRipper,getFirstPage,3,1,0
ripme,com.rarchives.ripme.ripper.rippers,ImagevenueRipper,getURLsFromPage,7,2,1
ripme,com.rarchives.ripme.ripper.rippers,ImagevenueRipper,downloadURL,4,1,2
ripme,com.rarchives.ripme.ripper.rippers,ImagevenueRipper,ImagevenueImageThread,5,1,2
ripme,com.rarchives.ripme.ripper.rippers,ImagevenueRipper,run,3,1,0
ripme,com.rarchives.ripme.ripper.rippers,ImagevenueRipper,fetchImage,21,3,0
ripme,com.rarchives.ripme.ripper.rippers,ImagevenueImageThread,ImagevenueImageThread,5,1,2
ripme,com.rarchives.ripme.ripper.rippers,ImagevenueImageThread,run,3,1,0
ripme,com.rarchives.ripme.ripper.rippers,ImagevenueImageThread,fetchImage,21,3,0
ripme,com.rarchives.ripme.ripper.rippers,ImgboxRipper,ImgboxRipper,3,1,1
ripme,com.rarchives.ripme.ripper.rippers,ImgboxRipper,getHost,3,1,0
ripme,com.rarchives.ripme.ripper.rippers,ImgboxRipper,getDomain,3,1,0
ripme,com.rarchives.ripme.ripper.rippers,ImgboxRipper,getGID,8,2,1
ripme,com.rarchives.ripme.ripper.rippers,ImgboxRipper,getFirstPage,3,1,0
ripme,com.rarchives.ripme.ripper.rippers,ImgboxRipper,getURLsFromPage,8,2,1
ripme,com.rarchives.ripme.ripper.rippers,ImgboxRipper,downloadURL,3,1,2
ripme,com.rarchives.ripme.ripper.rippers,ImgurRipper,ImgurRipper,4,1,1
ripme,com.rarchives.ripme.ripper.rippers,ImgurRipper,allowDuplicates,3,1,0
ripme,com.rarchives.ripme.ripper.rippers,ImgurRipper,canRip,12,2,1
ripme,com.rarchives.ripme.ripper.rippers,ImgurRipper,sanitizeURL,10,2,1
ripme,com.rarchives.ripme.ripper.rippers,ImgurRipper,getAlbumTitle,26,5,1
ripme,com.rarchives.ripme.ripper.rippers,ImgurRipper,rip,26,7,0
ripme,com.rarchives.ripme.ripper.rippers,ImgurRipper,ripAlbum,3,1,1
ripme,com.rarchives.ripme.ripper.rippers,ImgurRipper,ripAlbum,29,7,2
ripme,com.rarchives.ripme.ripper.rippers,ImgurRipper,getImgurSeries,33,6,1
ripme,com.rarchives.ripme.ripper.rippers,ImgurRipper,getImgurAlbum,89,14,1
ripme,com.rarchives.ripme.ripper.rippers,ImgurRipper,ripUserAccount,21,3,1
ripme,com.rarchives.ripme.ripper.rippers,ImgurRipper,ripUserImages,39,7,1
ripme,com.rarchives.ripme.ripper.rippers,ImgurRipper,ripSubreddit,36,7,1
ripme,com.rarchives.ripme.ripper.rippers,ImgurRipper,getHost,3,1,0
ripme,com.rarchives.ripme.ripper.rippers,ImgurRipper,getGID,66,12,1
ripme,com.rarchives.ripme.ripper.rippers,ImgurRipper,getAlbumType,3,1,0
ripme,com.rarchives.ripme.ripper.rippers,ImgurRipper,ImgurImage,8,2,1
ripme,com.rarchives.ripme.ripper.rippers,ImgurRipper,ImgurImage,4,1,2
ripme,com.rarchives.ripme.ripper.rippers,ImgurRipper,ImgurImage,4,1,3
ripme,com.rarchives.ripme.ripper.rippers,ImgurRipper,getSaveAs,16,3,0
ripme,com.rarchives.ripme.ripper.rippers,ImgurRipper,ImgurAlbum,3,1,1
ripme,com.rarchives.ripme.ripper.rippers,ImgurRipper,ImgurAlbum,4,1,2
ripme,com.rarchives.ripme.ripper.rippers,ImgurRipper,addImage,3,1,1
ripme,com.rarchives.ripme.ripper.rippers,ImgurImage,ImgurImage,8,2,1
ripme,com.rarchives.ripme.ripper.rippers,ImgurImage,ImgurImage,4,1,2
ripme,com.rarchives.ripme.ripper.rippers,ImgurImage,ImgurImage,4,1,3
ripme,com.rarchives.ripme.ripper.rippers,ImgurImage,getSaveAs,16,3,0
ripme,com.rarchives.ripme.ripper.rippers,ImgurAlbum,ImgurAlbum,3,1,1
ripme,com.rarchives.ripme.ripper.rippers,ImgurAlbum,ImgurAlbum,4,1,2
ripme,com.rarchives.ripme.ripper.rippers,ImgurAlbum,addImage,3,1,1
ripme,com.rarchives.ripme.ripper.rippers,InstagramRipper,InstagramRipper,3,1,1
ripme,com.rarchives.ripme.ripper.rippers,InstagramRipper,getHost,3,1,0
ripme,com.rarchives.ripme.ripper.rippers,InstagramRipper,getDomain,3,1,0
ripme,com.rarchives.ripme.ripper.rippers,InstagramRipper,canRip,3,1,1
ripme,com.rarchives.ripme.ripper.rippers,InstagramRipper,getGID,8,2,1
ripme,com.rarchives.ripme.ripper.rippers,InstagramRipper,sanitizeURL,8,2,1
ripme,com.rarchives.ripme.ripper.rippers,InstagramRipper,getUserID,8,2,1
ripme,com.rarchives.ripme.ripper.rippers,InstagramRipper,getFirstPage,11,1,0
ripme,com.rarchives.ripme.ripper.rippers,InstagramRipper,getNextPage,22,2,1
ripme,com.rarchives.ripme.ripper.rippers,InstagramRipper,getOriginalUrl,7,1,1
ripme,com.rarchives.ripme.ripper.rippers,InstagramRipper,getMedia,10,3,1
ripme,com.rarchives.ripme.ripper.rippers,InstagramRipper,getURLsFromJSON,30,7,1
ripme,com.rarchives.ripme.ripper.rippers,InstagramRipper,downloadURL,3,1,2
ripme,com.rarchives.ripme.ripper.rippers,JagodibujaRipper,JagodibujaRipper,3,1,1
ripme,com.rarchives.ripme.ripper.rippers,JagodibujaRipper,getHost,3,1,0
ripme,com.rarchives.ripme.ripper.rippers,JagodibujaRipper,getDomain,3,1,0
ripme,com.rarchives.ripme.ripper.rippers,JagodibujaRipper,getGID,8,2,1
ripme,com.rarchives.ripme.ripper.rippers,JagodibujaRipper,getFirstPage,3,1,0
ripme,com.rarchives.ripme.ripper.rippers,JagodibujaRipper,getURLsFromPage,23,2,1
ripme,com.rarchives.ripme.ripper.rippers,JagodibujaRipper,downloadURL,2,1,2
ripme,com.rarchives.ripme.ripper.rippers,MediacrushRipper,MediacrushRipper,3,1,1
ripme,com.rarchives.ripme.ripper.rippers,MediacrushRipper,getHost,3,1,0
ripme,com.rarchives.ripme.ripper.rippers,MediacrushRipper,getDomain,3,1,0
ripme,com.rarchives.ripme.ripper.rippers,MediacrushRipper,getGID,8,2,1
ripme,com.rarchives.ripme.ripper.rippers,MediacrushRipper,sanitizeURL,10,3,1
ripme,com.rarchives.ripme.ripper.rippers,MediacrushRipper,getFirstPage,23,2,0
ripme,com.rarchives.ripme.ripper.rippers,MediacrushRipper,getURLsFromJSON,16,3,1
ripme,com.rarchives.ripme.ripper.rippers,MediacrushRipper,downloadURL,3,1,2
ripme,com.rarchives.ripme.ripper.rippers,MediacrushRipper,getPreferredUrl,18,4,1
ripme,com.rarchives.ripme.ripper.rippers,ModelmayhemRipper,ModelmayhemRipper,3,1,1
ripme,com.rarchives.ripme.ripper.rippers,ModelmayhemRipper,canRip,3,1,1
ripme,com.rarchives.ripme.ripper.rippers,ModelmayhemRipper,sanitizeURL,3,1,1
ripme,com.rarchives.ripme.ripper.rippers,ModelmayhemRipper,rip,46,5,0
ripme,com.rarchives.ripme.ripper.rippers,ModelmayhemRipper,getHost,3,1,0
ripme,com.rarchives.ripme.ripper.rippers,ModelmayhemRipper,getGID,8,2,1
ripme,com.rarchives.ripme.ripper.rippers,MotherlessRipper,MotherlessRipper,4,1,1
ripme,com.rarchives.ripme.ripper.rippers,MotherlessRipper,canRip,9,1,1
ripme,com.rarchives.ripme.ripper.rippers,MotherlessRipper,getHost,3,1,0
ripme,com.rarchives.ripme.ripper.rippers,MotherlessRipper,sanitizeURL,3,1,1
ripme,com.rarchives.ripme.ripper.rippers,MotherlessRipper,getGID,18,4,1
ripme,com.rarchives.ripme.ripper.rippers,MotherlessRipper,rip,44,10,0
ripme,com.rarchives.ripme.ripper.rippers,MotherlessRipper,MotherlessImageThread,5,1,2
ripme,com.rarchives.ripme.ripper.rippers,MotherlessRipper,run,25,4,0
ripme,com.rarchives.ripme.ripper.rippers,MotherlessImageThread,MotherlessImageThread,5,1,2
ripme,com.rarchives.ripme.ripper.rippers,MotherlessImageThread,run,25,4,0
ripme,com.rarchives.ripme.ripper.rippers,MyhentaicomicsRipper,MyhentaicomicsRipper,3,1,1
ripme,com.rarchives.ripme.ripper.rippers,MyhentaicomicsRipper,getHost,3,1,0
ripme,com.rarchives.ripme.ripper.rippers,MyhentaicomicsRipper,getDomain,3,1,0
ripme,com.rarchives.ripme.ripper.rippers,MyhentaicomicsRipper,getGID,21,4,1
ripme,com.rarchives.ripme.ripper.rippers,MyhentaicomicsRipper,getFirstPage,3,1,0
ripme,com.rarchives.ripme.ripper.rippers,MyhentaicomicsRipper,getNextPage,15,3,1
ripme,com.rarchives.ripme.ripper.rippers,MyhentaicomicsRipper,getNextAlbumPage,31,3,1
ripme,com.rarchives.ripme.ripper.rippers,MyhentaicomicsRipper,getAlbumsFromPage,63,7,1
ripme,com.rarchives.ripme.ripper.rippers,MyhentaicomicsRipper,getListOfPages,34,5,1
ripme,com.rarchives.ripme.ripper.rippers,MyhentaicomicsRipper,getURLsFromPage,28,6,1
ripme,com.rarchives.ripme.ripper.rippers,MyhentaicomicsRipper,downloadURL,3,1,2
ripme,com.rarchives.ripme.ripper.rippers,NatalieMuRipper,NatalieMuRipper,3,1,1
ripme,com.rarchives.ripme.ripper.rippers,NatalieMuRipper,getHost,9,2,0
ripme,com.rarchives.ripme.ripper.rippers,NatalieMuRipper,canRip,3,1,1
ripme,com.rarchives.ripme.ripper.rippers,NatalieMuRipper,getGID,20,5,1
ripme,com.rarchives.ripme.ripper.rippers,NatalieMuRipper,getDomain,3,1,0
ripme,com.rarchives.ripme.ripper.rippers,NatalieMuRipper,getFirstPage,3,1,0
ripme,com.rarchives.ripme.ripper.rippers,NatalieMuRipper,getURLsFromPage,35,9,1
ripme,com.rarchives.ripme.ripper.rippers,NatalieMuRipper,downloadURL,3,1,2
ripme,com.rarchives.ripme.ripper.rippers,NewsfilterRipper,NewsfilterRipper,3,1,1
ripme,com.rarchives.ripme.ripper.rippers,NewsfilterRipper,canRip,5,1,1
ripme,com.rarchives.ripme.ripper.rippers,NewsfilterRipper,sanitizeURL,8,2,1
ripme,com.rarchives.ripme.ripper.rippers,NewsfilterRipper,rip,14,2,0
ripme,com.rarchives.ripme.ripper.rippers,NewsfilterRipper,getHost,3,1,0
ripme,com.rarchives.ripme.ripper.rippers,NewsfilterRipper,getGID,8,2,1
ripme,com.rarchives.ripme.ripper.rippers,NfsfwRipper,NfsfwRipper,4,1,1
ripme,com.rarchives.ripme.ripper.rippers,NfsfwRipper,getHost,3,1,0
ripme,com.rarchives.ripme.ripper.rippers,NfsfwRipper,sanitizeURL,3,1,1
ripme,com.rarchives.ripme.ripper.rippers,NfsfwRipper,getAlbumTitle,12,2,1
ripme,com.rarchives.ripme.ripper.rippers,NfsfwRipper,getGID,10,2,1
ripme,com.rarchives.ripme.ripper.rippers,NfsfwRipper,rip,63,12,0
ripme,com.rarchives.ripme.ripper.rippers,NfsfwRipper,canRip,3,1,1
ripme,com.rarchives.ripme.ripper.rippers,NfsfwRipper,NfsfwImageThread,6,1,3
ripme,com.rarchives.ripme.ripper.rippers,NfsfwRipper,run,22,4,0
ripme,com.rarchives.ripme.ripper.rippers,NfsfwRipper,Pair,4,1,2
ripme,com.rarchives.ripme.ripper.rippers,NfsfwImageThread,NfsfwImageThread,6,1,3
ripme,com.rarchives.ripme.ripper.rippers,NfsfwImageThread,run,22,4,0
ripme,com.rarchives.ripme.ripper.rippers,Pair,Pair,4,1,2
ripme,com.rarchives.ripme.ripper.rippers,NhentaiRipper,getThreadPool,3,1,0
ripme,com.rarchives.ripme.ripper.rippers,NhentaiRipper,NhentaiRipper,3,1,1
ripme,com.rarchives.ripme.ripper.rippers,NhentaiRipper,getDomain,3,1,0
ripme,com.rarchives.ripme.ripper.rippers,NhentaiRipper,getHost,3,1,0
ripme,com.rarchives.ripme.ripper.rippers,NhentaiRipper,getAlbumTitle,15,3,1
ripme,com.rarchives.ripme.ripper.rippers,NhentaiRipper,getGID,8,2,1
ripme,com.rarchives.ripme.ripper.rippers,NhentaiRipper,getFirstPage,6,2,0
ripme,com.rarchives.ripme.ripper.rippers,NhentaiRipper,getURLsFromPage,9,2,1
ripme,com.rarchives.ripme.ripper.rippers,NhentaiRipper,downloadURL,10,1,2
ripme,com.rarchives.ripme.ripper.rippers,NhentaiRipper,NHentaiImageThread,6,1,3
ripme,com.rarchives.ripme.ripper.rippers,NhentaiRipper,run,3,1,0
ripme,com.rarchives.ripme.ripper.rippers,NhentaiRipper,fetchImage,36,6,0
ripme,com.rarchives.ripme.ripper.rippers,NHentaiImageThread,NHentaiImageThread,6,1,3
ripme,com.rarchives.ripme.ripper.rippers,NHentaiImageThread,run,3,1,0
ripme,com.rarchives.ripme.ripper.rippers,NHentaiImageThread,fetchImage,36,6,0
ripme,com.rarchives.ripme.ripper.rippers,NudeGalsRipper,NudeGalsRipper,3,1,1
ripme,com.rarchives.ripme.ripper.rippers,NudeGalsRipper,getHost,3,1,0
ripme,com.rarchives.ripme.ripper.rippers,NudeGalsRipper,getDomain,3,1,0
ripme,com.rarchives.ripme.ripper.rippers,NudeGalsRipper,getAlbumTitle,14,1,1
ripme,com.rarchives.ripme.ripper.rippers,NudeGalsRipper,getGID,10,2,1
ripme,com.rarchives.ripme.ripper.rippers,NudeGalsRipper,getFirstPage,6,2,0
ripme,com.rarchives.ripme.ripper.rippers,NudeGalsRipper,getURLsFromPage,10,2,1
ripme,com.rarchives.ripme.ripper.rippers,NudeGalsRipper,downloadURL,3,1,2
ripme,com.rarchives.ripme.ripper.rippers,PahealRipper,getCookies,7,2,0
ripme,com.rarchives.ripme.ripper.rippers,PahealRipper,PahealRipper,3,1,1
ripme,com.rarchives.ripme.ripper.rippers,PahealRipper,getDomain,3,1,0
ripme,com.rarchives.ripme.ripper.rippers,PahealRipper,getHost,3,1,0
ripme,com.rarchives.ripme.ripper.rippers,PahealRipper,getFirstPage,3,1,0
ripme,com.rarchives.ripme.ripper.rippers,PahealRipper,getNextPage,8,3,1
ripme,com.rarchives.ripme.ripper.rippers,PahealRipper,getURLsFromPage,8,2,1
ripme,com.rarchives.ripme.ripper.rippers,PahealRipper,downloadURL,19,2,2
ripme,com.rarchives.ripme.ripper.rippers,PahealRipper,getTerm,10,3,1
ripme,com.rarchives.ripme.ripper.rippers,PahealRipper,getGID,9,1,1
ripme,com.rarchives.ripme.ripper.rippers,PhotobucketRipper,PhotobucketRipper,3,1,1
ripme,com.rarchives.ripme.ripper.rippers,PhotobucketRipper,getHost,3,1,0
ripme,com.rarchives.ripme.ripper.rippers,PhotobucketRipper,sanitizeURL,11,2,1
ripme,com.rarchives.ripme.ripper.rippers,PhotobucketRipper,getAlbumTitle,16,3,1
ripme,com.rarchives.ripme.ripper.rippers,PhotobucketRipper,getGID,10,2,1
ripme,com.rarchives.ripme.ripper.rippers,PhotobucketRipper,rip,32,5,0
ripme,com.rarchives.ripme.ripper.rippers,PhotobucketRipper,ripAlbumAndGetSubalbums,52,10,1
ripme,com.rarchives.ripme.ripper.rippers,PhotobucketRipper,getSubAlbums,20,2,2
ripme,com.rarchives.ripme.ripper.rippers,PhotobucketRipper,canRip,3,1,1
ripme,com.rarchives.ripme.ripper.rippers,PornhubRipper,PornhubRipper,3,1,1
ripme,com.rarchives.ripme.ripper.rippers,PornhubRipper,getHost,3,1,0
ripme,com.rarchives.ripme.ripper.rippers,PornhubRipper,sanitizeURL,3,1,1
ripme,com.rarchives.ripme.ripper.rippers,PornhubRipper,getAlbumTitle,15,2,1
ripme,com.rarchives.ripme.ripper.rippers,PornhubRipper,getGID,10,2,1
ripme,com.rarchives.ripme.ripper.rippers,PornhubRipper,rip,36,6,0
ripme,com.rarchives.ripme.ripper.rippers,PornhubRipper,canRip,3,1,1
ripme,com.rarchives.ripme.ripper.rippers,PornhubRipper,PornhubImageThread,5,1,3
ripme,com.rarchives.ripme.ripper.rippers,PornhubRipper,run,3,1,0
ripme,com.rarchives.ripme.ripper.rippers,PornhubRipper,fetchImage,18,2,0
ripme,com.rarchives.ripme.ripper.rippers,PornhubImageThread,PornhubImageThread,5,1,3
ripme,com.rarchives.ripme.ripper.rippers,PornhubImageThread,run,3,1,0
ripme,com.rarchives.ripme.ripper.rippers,PornhubImageThread,fetchImage,18,2,0
ripme,com.rarchives.ripme.ripper.rippers,RajceRipper,RajceRipper,3,1,1
ripme,com.rarchives.ripme.ripper.rippers,RajceRipper,getHost,3,1,0
ripme,com.rarchives.ripme.ripper.rippers,RajceRipper,getDomain,3,1,0
ripme,com.rarchives.ripme.ripper.rippers,RajceRipper,getGID,13,3,1
ripme,com.rarchives.ripme.ripper.rippers,RajceRipper,getFirstPage,3,1,0
ripme,com.rarchives.ripme.ripper.rippers,RajceRipper,getNextPage,3,1,1
ripme,com.rarchives.ripme.ripper.rippers,RajceRipper,getURLsFromPage,7,2,1
ripme,com.rarchives.ripme.ripper.rippers,RajceRipper,downloadURL,3,1,2
ripme,com.rarchives.ripme.ripper.rippers,RedditRipper,RedditRipper,3,1,1
ripme,com.rarchives.ripme.ripper.rippers,RedditRipper,canRip,3,1,1
ripme,com.rarchives.ripme.ripper.rippers,RedditRipper,sanitizeURL,5,1,1
ripme,com.rarchives.ripme.ripper.rippers,RedditRipper,getJsonURL,7,2,1
ripme,com.rarchives.ripme.ripper.rippers,RedditRipper,rip,10,3,0
ripme,com.rarchives.ripme.ripper.rippers,RedditRipper,getAndParseAndReturnNext,36,7,1
ripme,com.rarchives.ripme.ripper.rippers,RedditRipper,getJsonArrayFromURL,26,4,1
ripme,com.rarchives.ripme.ripper.rippers,RedditRipper,parseJsonChild,21,6,1
ripme,com.rarchives.ripme.ripper.rippers,RedditRipper,handleBody,11,3,2
ripme,com.rarchives.ripme.ripper.rippers,RedditRipper,handleURL,32,6,2
ripme,com.rarchives.ripme.ripper.rippers,RedditRipper,getHost,3,1,0
ripme,com.rarchives.ripme.ripper.rippers,RedditRipper,getGID,18,4,1
ripme,com.rarchives.ripme.ripper.rippers,SankakuComplexRipper,SankakuComplexRipper,3,1,1
ripme,com.rarchives.ripme.ripper.rippers,SankakuComplexRipper,getHost,3,1,0
ripme,com.rarchives.ripme.ripper.rippers,SankakuComplexRipper,getDomain,3,1,0
ripme,com.rarchives.ripme.ripper.rippers,SankakuComplexRipper,getGID,13,2,1
ripme,com.rarchives.ripme.ripper.rippers,SankakuComplexRipper,getFirstPage,8,2,0
ripme,com.rarchives.ripme.ripper.rippers,SankakuComplexRipper,getURLsFromPage,10,2,1
ripme,com.rarchives.ripme.ripper.rippers,SankakuComplexRipper,downloadURL,4,1,2
ripme,com.rarchives.ripme.ripper.rippers,SankakuComplexRipper,getNextPage,9,2,1
ripme,com.rarchives.ripme.ripper.rippers,ShesFreakyRipper,ShesFreakyRipper,3,1,1
ripme,com.rarchives.ripme.ripper.rippers,ShesFreakyRipper,getHost,3,1,0
ripme,com.rarchives.ripme.ripper.rippers,ShesFreakyRipper,getDomain,3,1,0
ripme,com.rarchives.ripme.ripper.rippers,ShesFreakyRipper,getGID,8,2,1
ripme,com.rarchives.ripme.ripper.rippers,ShesFreakyRipper,getFirstPage,3,1,0
ripme,com.rarchives.ripme.ripper.rippers,ShesFreakyRipper,getURLsFromPage,8,2,1
ripme,com.rarchives.ripme.ripper.rippers,ShesFreakyRipper,downloadURL,3,1,2
ripme,com.rarchives.ripme.ripper.rippers,SinnercomicsRipper,SinnercomicsRipper,3,1,1
ripme,com.rarchives.ripme.ripper.rippers,SinnercomicsRipper,getHost,3,1,0
ripme,com.rarchives.ripme.ripper.rippers,SinnercomicsRipper,getDomain,3,1,0
ripme,com.rarchives.ripme.ripper.rippers,SinnercomicsRipper,getGID,8,2,1
ripme,com.rarchives.ripme.ripper.rippers,SinnercomicsRipper,getFirstPage,3,1,0
ripme,com.rarchives.ripme.ripper.rippers,SinnercomicsRipper,getNextPage,10,2,1
ripme,com.rarchives.ripme.ripper.rippers,SinnercomicsRipper,getURLsFromPage,9,2,1
ripme,com.rarchives.ripme.ripper.rippers,SinnercomicsRipper,downloadURL,3,1,2
ripme,com.rarchives.ripme.ripper.rippers,SmuttyRipper,SmuttyRipper,3,1,1
ripme,com.rarchives.ripme.ripper.rippers,SmuttyRipper,canRip,3,1,1
ripme,com.rarchives.ripme.ripper.rippers,SmuttyRipper,sanitizeURL,3,1,1
ripme,com.rarchives.ripme.ripper.rippers,SmuttyRipper,rip,57,10,0
ripme,com.rarchives.ripme.ripper.rippers,SmuttyRipper,getHost,3,1,0
ripme,com.rarchives.ripme.ripper.rippers,SmuttyRipper,getGID,13,3,1
ripme,com.rarchives.ripme.ripper.rippers,SupertangasRipper,SupertangasRipper,3,1,1
ripme,com.rarchives.ripme.ripper.rippers,SupertangasRipper,canRip,3,1,1
ripme,com.rarchives.ripme.ripper.rippers,SupertangasRipper,sanitizeURL,3,1,1
ripme,com.rarchives.ripme.ripper.rippers,SupertangasRipper,rip,38,5,0
ripme,com.rarchives.ripme.ripper.rippers,SupertangasRipper,getHost,3,1,0
ripme,com.rarchives.ripme.ripper.rippers,SupertangasRipper,getGID,8,2,1
ripme,com.rarchives.ripme.ripper.rippers,tamindirmp3,tamindirmp3,3,1,1
ripme,com.rarchives.ripme.ripper.rippers,tamindirmp3,getHost,3,1,0
ripme,com.rarchives.ripme.ripper.rippers,tamindirmp3,getDomain,3,1,0
ripme,com.rarchives.ripme.ripper.rippers,tamindirmp3,getGID,8,2,1
ripme,com.rarchives.ripme.ripper.rippers,tamindirmp3,getFirstPage,3,1,0
ripme,com.rarchives.ripme.ripper.rippers,tamindirmp3,getURLsFromPage,7,2,1
ripme,com.rarchives.ripme.ripper.rippers,tamindirmp3,downloadURL,3,1,2
ripme,com.rarchives.ripme.ripper.rippers,TapasticEpisode,TapasticEpisode,6,1,3
ripme,com.rarchives.ripme.ripper.rippers,TapasticRipper,TapasticRipper,3,1,1
ripme,com.rarchives.ripme.ripper.rippers,TapasticRipper,getDomain,3,1,0
ripme,com.rarchives.ripme.ripper.rippers,TapasticRipper,getHost,3,1,0
ripme,com.rarchives.ripme.ripper.rippers,TapasticRipper,getFirstPage,3,1,0
ripme,com.rarchives.ripme.ripper.rippers,TapasticRipper,getURLsFromPage,17,3,1
ripme,com.rarchives.ripme.ripper.rippers,TapasticRipper,downloadURL,23,3,2
ripme,com.rarchives.ripme.ripper.rippers,TapasticRipper,getGID,13,3,1
ripme,com.rarchives.ripme.ripper.rippers,TeenplanetRipper,TeenplanetRipper,3,1,1
ripme,com.rarchives.ripme.ripper.rippers,TeenplanetRipper,getHost,3,1,0
ripme,com.rarchives.ripme.ripper.rippers,TeenplanetRipper,sanitizeURL,3,1,1
ripme,com.rarchives.ripme.ripper.rippers,TeenplanetRipper,getAlbumTitle,13,2,1
ripme,com.rarchives.ripme.ripper.rippers,TeenplanetRipper,getGID,10,2,1
ripme,com.rarchives.ripme.ripper.rippers,TeenplanetRipper,rip,25,6,0
ripme,com.rarchives.ripme.ripper.rippers,TeenplanetRipper,canRip,3,1,1
ripme,com.rarchives.ripme.ripper.rippers,ThechiveRipper,ThechiveRipper,3,1,1
ripme,com.rarchives.ripme.ripper.rippers,ThechiveRipper,getHost,3,1,0
ripme,com.rarchives.ripme.ripper.rippers,ThechiveRipper,getDomain,3,1,0
ripme,com.rarchives.ripme.ripper.rippers,ThechiveRipper,getGID,9,2,1
ripme,com.rarchives.ripme.ripper.rippers,ThechiveRipper,getFirstPage,3,1,0
ripme,com.rarchives.ripme.ripper.rippers,ThechiveRipper,getURLsFromPage,9,2,1
ripme,com.rarchives.ripme.ripper.rippers,ThechiveRipper,downloadURL,3,1,2
ripme,com.rarchives.ripme.ripper.rippers,TumblrRipper,getApiKey,8,2,0
ripme,com.rarchives.ripme.ripper.rippers,TumblrRipper,TumblrRipper,6,2,1
ripme,com.rarchives.ripme.ripper.rippers,TumblrRipper,canRip,3,1,1
ripme,com.rarchives.ripme.ripper.rippers,TumblrRipper,sanitizeURL,13,3,1
ripme,com.rarchives.ripme.ripper.rippers,TumblrRipper,isTumblrURL,14,1,1
ripme,com.rarchives.ripme.ripper.rippers,TumblrRipper,rip,65,11,0
ripme,com.rarchives.ripme.ripper.rippers,TumblrRipper,handleJSON,51,8,1
ripme,com.rarchives.ripme.ripper.rippers,TumblrRipper,getTumblrApiURL,12,3,2
ripme,com.rarchives.ripme.ripper.rippers,TumblrRipper,getHost,3,1,0
ripme,com.rarchives.ripme.ripper.rippers,TumblrRipper,getGID,30,4,1
ripme,com.rarchives.ripme.ripper.rippers,TwitterRipper,TwitterRipper,7,2,1
ripme,com.rarchives.ripme.ripper.rippers,TwitterRipper,canRip,3,1,1
ripme,com.rarchives.ripme.ripper.rippers,TwitterRipper,sanitizeURL,17,3,1
ripme,com.rarchives.ripme.ripper.rippers,TwitterRipper,getAccessToken,12,1,0
ripme,com.rarchives.ripme.ripper.rippers,TwitterRipper,checkRateLimits,18,2,2
ripme,com.rarchives.ripme.ripper.rippers,TwitterRipper,getApiURL,15,4,1
ripme,com.rarchives.ripme.ripper.rippers,TwitterRipper,getTweets,23,4,1
ripme,com.rarchives.ripme.ripper.rippers,TwitterRipper,parseTweet,39,9,1
ripme,com.rarchives.ripme.ripper.rippers,TwitterRipper,rip,43,9,0
ripme,com.rarchives.ripme.ripper.rippers,TwitterRipper,getHost,3,1,0
ripme,com.rarchives.ripme.ripper.rippers,TwitterRipper,getGID,21,6,1
ripme,com.rarchives.ripme.ripper.rippers,TwodgalleriesRipper,TwodgalleriesRipper,3,1,1
ripme,com.rarchives.ripme.ripper.rippers,TwodgalleriesRipper,getHost,3,1,0
ripme,com.rarchives.ripme.ripper.rippers,TwodgalleriesRipper,getDomain,3,1,0
ripme,com.rarchives.ripme.ripper.rippers,TwodgalleriesRipper,getGID,10,2,1
ripme,com.rarchives.ripme.ripper.rippers,TwodgalleriesRipper,getURL,3,1,2
ripme,com.rarchives.ripme.ripper.rippers,TwodgalleriesRipper,getFirstPage,10,1,0
ripme,com.rarchives.ripme.ripper.rippers,TwodgalleriesRipper,getNextPage,10,2,1
ripme,com.rarchives.ripme.ripper.rippers,TwodgalleriesRipper,getURLsFromPage,15,4,1
ripme,com.rarchives.ripme.ripper.rippers,TwodgalleriesRipper,downloadURL,3,1,2
ripme,com.rarchives.ripme.ripper.rippers,TwodgalleriesRipper,login,12,1,0
ripme,com.rarchives.ripme.ripper.rippers,VidbleRipper,VidbleRipper,3,1,1
ripme,com.rarchives.ripme.ripper.rippers,VidbleRipper,getHost,3,1,0
ripme,com.rarchives.ripme.ripper.rippers,VidbleRipper,getDomain,3,1,0
ripme,com.rarchives.ripme.ripper.rippers,VidbleRipper,getGID,10,2,1
ripme,com.rarchives.ripme.ripper.rippers,VidbleRipper,getFirstPage,3,1,0
ripme,com.rarchives.ripme.ripper.rippers,VidbleRipper,getURLsFromPage,3,1,1
ripme,com.rarchives.ripme.ripper.rippers,VidbleRipper,getURLsFromPageStatic,13,3,1
ripme,com.rarchives.ripme.ripper.rippers,VidbleRipper,downloadURL,3,1,2
ripme,com.rarchives.ripme.ripper.rippers,VidbleRipper,getURLsFromPage,8,2,1
ripme,com.rarchives.ripme.ripper.rippers,VineRipper,VineRipper,3,1,1
ripme,com.rarchives.ripme.ripper.rippers,VineRipper,canRip,3,1,1
ripme,com.rarchives.ripme.ripper.rippers,VineRipper,sanitizeURL,3,1,1
ripme,com.rarchives.ripme.ripper.rippers,VineRipper,rip,44,7,0
ripme,com.rarchives.ripme.ripper.rippers,VineRipper,getHost,3,1,0
ripme,com.rarchives.ripme.ripper.rippers,VineRipper,getGID,8,2,1
ripme,com.rarchives.ripme.ripper.rippers,VkRipper,VkRipper,3,1,1
ripme,com.rarchives.ripme.ripper.rippers,VkRipper,canRip,10,3,1
ripme,com.rarchives.ripme.ripper.rippers,VkRipper,sanitizeURL,3,1,1
ripme,com.rarchives.ripme.ripper.rippers,VkRipper,rip,8,2,0
ripme,com.rarchives.ripme.ripper.rippers,VkRipper,ripVideos,32,3,0
ripme,com.rarchives.ripme.ripper.rippers,VkRipper,ripImages,57,11,0
ripme,com.rarchives.ripme.ripper.rippers,VkRipper,getPhotoIDsToURLs,25,4,1
ripme,com.rarchives.ripme.ripper.rippers,VkRipper,getHost,3,1,0
ripme,com.rarchives.ripme.ripper.rippers,VkRipper,getGID,9,2,1
ripme,com.rarchives.ripme.ripper.rippers,WordpressComicRipper,WordpressComicRipper,3,1,1
ripme,com.rarchives.ripme.ripper.rippers,WordpressComicRipper,getHost,4,1,0
ripme,com.rarchives.ripme.ripper.rippers,WordpressComicRipper,getDomain,4,1,0
ripme,com.rarchives.ripme.ripper.rippers,WordpressComicRipper,canRip,46,10,1
ripme,com.rarchives.ripme.ripper.rippers,WordpressComicRipper,getAlbumTitle,43,9,1
ripme,com.rarchives.ripme.ripper.rippers,WordpressComicRipper,getGID,7,2,1
ripme,com.rarchives.ripme.ripper.rippers,WordpressComicRipper,getNextPage,17,4,1
ripme,com.rarchives.ripme.ripper.rippers,WordpressComicRipper,getURLsFromPage,40,10,1
ripme,com.rarchives.ripme.ripper.rippers,WordpressComicRipper,downloadURL,6,2,2
ripme,com.rarchives.ripme.ripper.rippers,WordpressComicRipper,getFirstPage,3,1,0
ripme,com.rarchives.ripme.ripper.rippers,XbooruRipper,XbooruRipper,3,1,1
ripme,com.rarchives.ripme.ripper.rippers,XbooruRipper,getDomain,3,1,0
ripme,com.rarchives.ripme.ripper.rippers,XbooruRipper,getHost,3,1,0
ripme,com.rarchives.ripme.ripper.rippers,XbooruRipper,getPage,3,1,1
ripme,com.rarchives.ripme.ripper.rippers,XbooruRipper,getFirstPage,3,1,0
ripme,com.rarchives.ripme.ripper.rippers,XbooruRipper,getNextPage,8,2,1
ripme,com.rarchives.ripme.ripper.rippers,XbooruRipper,getURLsFromPage,7,2,1
ripme,com.rarchives.ripme.ripper.rippers,XbooruRipper,downloadURL,3,1,2
ripme,com.rarchives.ripme.ripper.rippers,XbooruRipper,getTerm,10,3,1
ripme,com.rarchives.ripme.ripper.rippers,XbooruRipper,getGID,9,1,1
ripme,com.rarchives.ripme.ripper.rippers,XhamsterRipper,XhamsterRipper,3,1,1
ripme,com.rarchives.ripme.ripper.rippers,XhamsterRipper,canRip,5,1,1
ripme,com.rarchives.ripme.ripper.rippers,XhamsterRipper,sanitizeURL,3,1,1
ripme,com.rarchives.ripme.ripper.rippers,XhamsterRipper,rip,36,8,0
ripme,com.rarchives.ripme.ripper.rippers,XhamsterRipper,getHost,3,1,0
ripme,com.rarchives.ripme.ripper.rippers,XhamsterRipper,getGID,8,2,1
ripme,com.rarchives.ripme.ripper.rippers,ZizkiRipper,ZizkiRipper,3,1,1
ripme,com.rarchives.ripme.ripper.rippers,ZizkiRipper,getHost,3,1,0
ripme,com.rarchives.ripme.ripper.rippers,ZizkiRipper,getDomain,3,1,0
ripme,com.rarchives.ripme.ripper.rippers,ZizkiRipper,getGID,8,2,1
ripme,com.rarchives.ripme.ripper.rippers,ZizkiRipper,getAlbumTitle,15,1,1
ripme,com.rarchives.ripme.ripper.rippers,ZizkiRipper,getFirstPage,8,2,0
ripme,com.rarchives.ripme.ripper.rippers,ZizkiRipper,getURLsFromPage,28,7,1
ripme,com.rarchives.ripme.ripper.rippers,ZizkiRipper,downloadURL,3,1,2
ripme,com.rarchives.ripme.ripper.rippers,ZizkiRipper,getPrefix,3,1,1
ripme,com.rarchives.ripme.ripper.rippers.ripperhelpers,ChanSite,ChanSite,10,3,2
ripme,com.rarchives.ripme.ripper.rippers.ripperhelpers,ChanSite,ChanSite,7,2,1
ripme,com.rarchives.ripme.ripper.rippers.video,CliphunterRipper,CliphunterRipper,3,1,1
ripme,com.rarchives.ripme.ripper.rippers.video,CliphunterRipper,getHost,3,1,0
ripme,com.rarchives.ripme.ripper.rippers.video,CliphunterRipper,canRip,5,1,1
ripme,com.rarchives.ripme.ripper.rippers.video,CliphunterRipper,sanitizeURL,3,1,1
ripme,com.rarchives.ripme.ripper.rippers.video,CliphunterRipper,getGID,8,2,1
ripme,com.rarchives.ripme.ripper.rippers.video,CliphunterRipper,rip,20,3,0
ripme,com.rarchives.ripme.ripper.rippers.video,GfycatRipper,GfycatRipper,3,1,1
ripme,com.rarchives.ripme.ripper.rippers.video,GfycatRipper,getHost,3,1,0
ripme,com.rarchives.ripme.ripper.rippers.video,GfycatRipper,canRip,3,1,1
ripme,com.rarchives.ripme.ripper.rippers.video,GfycatRipper,sanitizeURL,3,1,1
ripme,com.rarchives.ripme.ripper.rippers.video,GfycatRipper,getGID,8,2,1
ripme,com.rarchives.ripme.ripper.rippers.video,GfycatRipper,rip,5,1,0
ripme,com.rarchives.ripme.ripper.rippers.video,GfycatRipper,getVideoURL,13,3,1
ripme,com.rarchives.ripme.ripper.rippers.video,MotherlessVideoRipper,MotherlessVideoRipper,3,1,1
ripme,com.rarchives.ripme.ripper.rippers.video,MotherlessVideoRipper,getHost,3,1,0
ripme,com.rarchives.ripme.ripper.rippers.video,MotherlessVideoRipper,canRip,5,1,1
ripme,com.rarchives.ripme.ripper.rippers.video,MotherlessVideoRipper,sanitizeURL,3,1,1
ripme,com.rarchives.ripme.ripper.rippers.video,MotherlessVideoRipper,getGID,8,2,1
ripme,com.rarchives.ripme.ripper.rippers.video,MotherlessVideoRipper,rip,14,3,0
ripme,com.rarchives.ripme.ripper.rippers.video,PornhubRipper,PornhubRipper,3,1,1
ripme,com.rarchives.ripme.ripper.rippers.video,PornhubRipper,getHost,3,1,0
ripme,com.rarchives.ripme.ripper.rippers.video,PornhubRipper,canRip,5,1,1
ripme,com.rarchives.ripme.ripper.rippers.video,PornhubRipper,sanitizeURL,3,1,1
ripme,com.rarchives.ripme.ripper.rippers.video,PornhubRipper,getGID,8,2,1
ripme,com.rarchives.ripme.ripper.rippers.video,PornhubRipper,rip,40,5,0
ripme,com.rarchives.ripme.ripper.rippers.video,ViddmeRipper,ViddmeRipper,3,1,1
ripme,com.rarchives.ripme.ripper.rippers.video,ViddmeRipper,getHost,3,1,0
ripme,com.rarchives.ripme.ripper.rippers.video,ViddmeRipper,canRip,5,1,1
ripme,com.rarchives.ripme.ripper.rippers.video,ViddmeRipper,sanitizeURL,3,1,1
ripme,com.rarchives.ripme.ripper.rippers.video,ViddmeRipper,getGID,8,2,1
ripme,com.rarchives.ripme.ripper.rippers.video,ViddmeRipper,rip,12,2,0
ripme,com.rarchives.ripme.ripper.rippers.video,VidearnRipper,VidearnRipper,3,1,1
ripme,com.rarchives.ripme.ripper.rippers.video,VidearnRipper,getHost,3,1,0
ripme,com.rarchives.ripme.ripper.rippers.video,VidearnRipper,canRip,5,1,1
ripme,com.rarchives.ripme.ripper.rippers.video,VidearnRipper,sanitizeURL,3,1,1
ripme,com.rarchives.ripme.ripper.rippers.video,VidearnRipper,getGID,8,2,1
ripme,com.rarchives.ripme.ripper.rippers.video,VidearnRipper,rip,11,2,0
ripme,com.rarchives.ripme.ripper.rippers.video,VineRipper,VineRipper,3,1,1
ripme,com.rarchives.ripme.ripper.rippers.video,VineRipper,getHost,3,1,0
ripme,com.rarchives.ripme.ripper.rippers.video,VineRipper,canRip,5,1,1
ripme,com.rarchives.ripme.ripper.rippers.video,VineRipper,sanitizeURL,3,1,1
ripme,com.rarchives.ripme.ripper.rippers.video,VineRipper,getGID,8,2,1
ripme,com.rarchives.ripme.ripper.rippers.video,VineRipper,rip,11,2,0
ripme,com.rarchives.ripme.ripper.rippers.video,VkRipper,VkRipper,3,1,1
ripme,com.rarchives.ripme.ripper.rippers.video,VkRipper,getHost,3,1,0
ripme,com.rarchives.ripme.ripper.rippers.video,VkRipper,canRip,5,1,1
ripme,com.rarchives.ripme.ripper.rippers.video,VkRipper,sanitizeURL,3,1,1
ripme,com.rarchives.ripme.ripper.rippers.video,VkRipper,getGID,8,2,1
ripme,com.rarchives.ripme.ripper.rippers.video,VkRipper,rip,6,1,0
ripme,com.rarchives.ripme.ripper.rippers.video,VkRipper,getVideoURLAtPage,18,4,1
ripme,com.rarchives.ripme.ripper.rippers.video,XhamsterRipper,XhamsterRipper,3,1,1
ripme,com.rarchives.ripme.ripper.rippers.video,XhamsterRipper,getHost,3,1,0
ripme,com.rarchives.ripme.ripper.rippers.video,XhamsterRipper,canRip,5,1,1
ripme,com.rarchives.ripme.ripper.rippers.video,XhamsterRipper,sanitizeURL,3,1,1
ripme,com.rarchives.ripme.ripper.rippers.video,XhamsterRipper,getGID,8,2,1
ripme,com.rarchives.ripme.ripper.rippers.video,XhamsterRipper,rip,11,2,0
ripme,com.rarchives.ripme.ripper.rippers.video,XvideosRipper,XvideosRipper,3,1,1
ripme,com.rarchives.ripme.ripper.rippers.video,XvideosRipper,getHost,3,1,0
ripme,com.rarchives.ripme.ripper.rippers.video,XvideosRipper,canRip,5,1,1
ripme,com.rarchives.ripme.ripper.rippers.video,XvideosRipper,sanitizeURL,3,1,1
ripme,com.rarchives.ripme.ripper.rippers.video,XvideosRipper,getGID,8,2,1
ripme,com.rarchives.ripme.ripper.rippers.video,XvideosRipper,rip,18,4,0
ripme,com.rarchives.ripme.ripper.rippers.video,YoupornRipper,YoupornRipper,3,1,1
ripme,com.rarchives.ripme.ripper.rippers.video,YoupornRipper,getHost,3,1,0
ripme,com.rarchives.ripme.ripper.rippers.video,YoupornRipper,canRip,5,1,1
ripme,com.rarchives.ripme.ripper.rippers.video,YoupornRipper,sanitizeURL,3,1,1
ripme,com.rarchives.ripme.ripper.rippers.video,YoupornRipper,getGID,8,2,1
ripme,com.rarchives.ripme.ripper.rippers.video,YoupornRipper,rip,12,2,0
ripme,com.rarchives.ripme.ui,ClipboardUtils,setClipboardAutoRip,11,2,1
ripme,com.rarchives.ripme.ui,ClipboardUtils,getClipboardAutoRip,3,1,0
ripme,com.rarchives.ripme.ui,ClipboardUtils,getClipboardString,19,1,0
ripme,com.rarchives.ripme.ui,AutoripThread,run,23,5,0
ripme,com.rarchives.ripme.ui,AutoripThread,kill,3,1,0
ripme,com.rarchives.ripme.ui,ContextMenuMouseListener,ContextMenuMouseListener,47,1,0
ripme,com.rarchives.ripme.ui,ContextMenuMouseListener,actionPerformed,5,1,1
ripme,com.rarchives.ripme.ui,ContextMenuMouseListener,actionPerformed,5,1,1
ripme,com.rarchives.ripme.ui,ContextMenuMouseListener,actionPerformed,4,1,1
ripme,com.rarchives.ripme.ui,ContextMenuMouseListener,actionPerformed,5,1,1
ripme,com.rarchives.ripme.ui,ContextMenuMouseListener,actionPerformed,4,1,1
ripme,com.rarchives.ripme.ui,ContextMenuMouseListener,mouseClicked,24,4,1
ripme,com.rarchives.ripme.ui,History,History,3,1,0
ripme,com.rarchives.ripme.ui,History,add,3,1,1
ripme,com.rarchives.ripme.ui,History,remove,3,1,1
ripme,com.rarchives.ripme.ui,History,remove,3,1,1
ripme,com.rarchives.ripme.ui,History,clear,3,1,0
ripme,com.rarchives.ripme.ui,History,get,3,1,1
ripme,com.rarchives.ripme.ui,History,getColumnName,3,1,1
ripme,com.rarchives.ripme.ui,History,getColumnCount,3,1,0
ripme,com.rarchives.ripme.ui,History,getValueAt,17,6,2
ripme,com.rarchives.ripme.ui,History,dateToHumanReadable,4,1,1
ripme,com.rarchives.ripme.ui,History,containsURL,8,3,1
ripme,com.rarchives.ripme.ui,History,getEntryByURL,8,3,1
ripme,com.rarchives.ripme.ui,History,fromJSON,7,2,1
ripme,com.rarchives.ripme.ui,History,fromFile,14,1,1
ripme,com.rarchives.ripme.ui,History,fromList,7,2,1
ripme,com.rarchives.ripme.ui,History,toJSON,7,2,0
ripme,com.rarchives.ripme.ui,History,toList,3,1,0
ripme,com.rarchives.ripme.ui,History,isEmpty,3,1,0
ripme,com.rarchives.ripme.ui,History,toFile,9,1,1
ripme,com.rarchives.ripme.ui,HistoryEntry,HistoryEntry,2,1,0
ripme,com.rarchives.ripme.ui,HistoryEntry,fromJSON,18,5,1
ripme,com.rarchives.ripme.ui,HistoryEntry,toJSON,10,1,0
ripme,com.rarchives.ripme.ui,HistoryEntry,toString,3,1,0
ripme,com.rarchives.ripme.ui,HistoryMenuMouseListener,HistoryMenuMouseListener,39,5,0
ripme,com.rarchives.ripme.ui,HistoryMenuMouseListener,actionPerformed,5,2,1
ripme,com.rarchives.ripme.ui,HistoryMenuMouseListener,actionPerformed,5,2,1
ripme,com.rarchives.ripme.ui,HistoryMenuMouseListener,actionPerformed,5,2,1
ripme,com.rarchives.ripme.ui,HistoryMenuMouseListener,actionPerformed,5,2,1
ripme,com.rarchives.ripme.ui,HistoryMenuMouseListener,mouseClicked,14,4,1
ripme,com.rarchives.ripme.ui,MainWindow,MainWindow,22,2,0
ripme,com.rarchives.ripme.ui,MainWindow,run,3,1,0
ripme,com.rarchives.ripme.ui,MainWindow,upgradeProgram,12,2,0
ripme,com.rarchives.ripme.ui,MainWindow,run,3,1,0
ripme,com.rarchives.ripme.ui,MainWindow,run,5,1,0
ripme,com.rarchives.ripme.ui,MainWindow,shutdownCleanup,21,1,0
ripme,com.rarchives.ripme.ui,MainWindow,status,3,1,1
ripme,com.rarchives.ripme.ui,MainWindow,error,3,1,1
ripme,com.rarchives.ripme.ui,MainWindow,statusWithColor,5,1,2
ripme,com.rarchives.ripme.ui,MainWindow,pack,8,1,0
ripme,com.rarchives.ripme.ui,MainWindow,run,3,1,0
ripme,com.rarchives.ripme.ui,MainWindow,createUI,331,8,1
ripme,com.rarchives.ripme.ui,MainWindow,getColumnName,3,1,1
ripme,com.rarchives.ripme.ui,MainWindow,getColumnClass,3,1,1
ripme,com.rarchives.ripme.ui,MainWindow,getValueAt,3,1,2
ripme,com.rarchives.ripme.ui,MainWindow,getRowCount,3,1,0
ripme,com.rarchives.ripme.ui,MainWindow,getColumnCount,3,1,0
ripme,com.rarchives.ripme.ui,MainWindow,isCellEditable,3,1,2
ripme,com.rarchives.ripme.ui,MainWindow,setValueAt,6,2,3
ripme,com.rarchives.ripme.ui,MainWindow,setupHandlers,287,12,0
ripme,com.rarchives.ripme.ui,MainWindow,removeUpdate,3,1,1
ripme,com.rarchives.ripme.ui,MainWindow,insertUpdate,3,1,1
ripme,com.rarchives.ripme.ui,MainWindow,changedUpdate,3,1,1
ripme,com.rarchives.ripme.ui,MainWindow,update,17,3,0
ripme,com.rarchives.ripme.ui,MainWindow,actionPerformed,13,2,1
ripme,com.rarchives.ripme.ui,MainWindow,actionPerformed,11,1,1
ripme,com.rarchives.ripme.ui,MainWindow,actionPerformed,11,1,1
ripme,com.rarchives.ripme.ui,MainWindow,actionPerformed,11,1,1
ripme,com.rarchives.ripme.ui,MainWindow,actionPerformed,11,1,1
ripme,com.rarchives.ripme.ui,MainWindow,actionPerformed,13,2,1
ripme,com.rarchives.ripme.ui,MainWindow,actionPerformed,9,1,1
ripme,com.rarchives.ripme.ui,MainWindow,actionPerformed,16,5,1
ripme,com.rarchives.ripme.ui,MainWindow,actionPerformed,9,1,1
ripme,com.rarchives.ripme.ui,MainWindow,run,3,1,0
ripme,com.rarchives.ripme.ui,MainWindow,actionPerformed,4,1,1
ripme,com.rarchives.ripme.ui,MainWindow,mouseClicked,9,1,1
ripme,com.rarchives.ripme.ui,MainWindow,actionPerformed,20,2,1
ripme,com.rarchives.ripme.ui,MainWindow,actionPerformed,3,1,1
ripme,com.rarchives.ripme.ui,MainWindow,actionPerformed,3,1,1
ripme,com.rarchives.ripme.ui,MainWindow,actionPerformed,4,1,1
ripme,com.rarchives.ripme.ui,MainWindow,actionPerformed,4,1,1
ripme,com.rarchives.ripme.ui,MainWindow,actionPerformed,4,1,1
ripme,com.rarchives.ripme.ui,MainWindow,actionPerformed,6,1,1
ripme,com.rarchives.ripme.ui,MainWindow,actionPerformed,4,1,1
ripme,com.rarchives.ripme.ui,MainWindow,actionPerformed,4,1,1
ripme,com.rarchives.ripme.ui,MainWindow,actionPerformed,4,1,1
ripme,com.rarchives.ripme.ui,MainWindow,intervalAdded,11,3,1
ripme,com.rarchives.ripme.ui,MainWindow,contentsChanged,2,1,1
ripme,com.rarchives.ripme.ui,MainWindow,intervalRemoved,2,1,1
ripme,com.rarchives.ripme.ui,MainWindow,setLogLevel,26,7,1
ripme,com.rarchives.ripme.ui,MainWindow,setupTrayIcon,124,7,0
ripme,com.rarchives.ripme.ui,MainWindow,windowActivated,3,1,1
ripme,com.rarchives.ripme.ui,MainWindow,windowDeactivated,3,1,1
ripme,com.rarchives.ripme.ui,MainWindow,windowDeiconified,3,1,1
ripme,com.rarchives.ripme.ui,MainWindow,windowIconified,3,1,1
ripme,com.rarchives.ripme.ui,MainWindow,actionPerformed,3,1,1
ripme,com.rarchives.ripme.ui,MainWindow,actionPerformed,49,6,1
ripme,com.rarchives.ripme.ui,MainWindow,actionPerformed,3,1,1
ripme,com.rarchives.ripme.ui,MainWindow,itemStateChanged,4,1,1
ripme,com.rarchives.ripme.ui,MainWindow,mouseClicked,8,2,1
ripme,com.rarchives.ripme.ui,MainWindow,toggleTrayClick,12,2,0
ripme,com.rarchives.ripme.ui,MainWindow,appendLog,13,1,2
ripme,com.rarchives.ripme.ui,MainWindow,loadHistory,34,5,0
ripme,com.rarchives.ripme.ui,MainWindow,accept,3,1,2
ripme,com.rarchives.ripme.ui,MainWindow,saveHistory,9,1,0
ripme,com.rarchives.ripme.ui,MainWindow,ripNextAlbum,28,4,0
ripme,com.rarchives.ripme.ui,MainWindow,ripAlbum,59,6,1
ripme,com.rarchives.ripme.ui,MainWindow,actionPerformed,11,3,1
ripme,com.rarchives.ripme.ui,MainWindow,StatusEvent,4,1,2
ripme,com.rarchives.ripme.ui,MainWindow,run,3,1,0
ripme,com.rarchives.ripme.ui,MainWindow,handleEvent,99,16,1
ripme,com.rarchives.ripme.ui,MainWindow,actionPerformed,8,1,1
ripme,com.rarchives.ripme.ui,MainWindow,update,4,1,2
ripme,com.rarchives.ripme.ui,MainWindow,getScrollableTracksViewportWidth,3,1,0
ripme,com.rarchives.ripme.ui,MainWindow,ripAlbumStatic,4,1,1
ripme,com.rarchives.ripme.ui,MainWindow,enableWindowPositioning,3,1,0
ripme,com.rarchives.ripme.ui,MainWindow,disableWindowPositioning,3,1,0
ripme,com.rarchives.ripme.ui,MainWindow,isWindowPositioningEnabled,4,1,0
ripme,com.rarchives.ripme.ui,MainWindow,saveWindowPosition,28,2,1
ripme,com.rarchives.ripme.ui,MainWindow,restoreWindowPosition,21,3,1
ripme,com.rarchives.ripme.ui,RipButtonHandler,actionPerformed,11,3,1
ripme,com.rarchives.ripme.ui,StatusEvent,StatusEvent,4,1,2
ripme,com.rarchives.ripme.ui,StatusEvent,run,3,1,0
ripme,com.rarchives.ripme.ui,JTextPaneNoWrap,getScrollableTracksViewportWidth,3,1,0
ripme,com.rarchives.ripme.ui,QueueMenuMouseListener,QueueMenuMouseListener,22,2,0
ripme,com.rarchives.ripme.ui,QueueMenuMouseListener,actionPerformed,8,2,1
ripme,com.rarchives.ripme.ui,QueueMenuMouseListener,actionPerformed,4,1,1
ripme,com.rarchives.ripme.ui,QueueMenuMouseListener,updateUI,9,2,0
ripme,com.rarchives.ripme.ui,QueueMenuMouseListener,mouseClicked,15,4,1
ripme,com.rarchives.ripme.ui,RipStatusComplete,RipStatusComplete,4,1,1
ripme,com.rarchives.ripme.ui,RipStatusComplete,RipStatusComplete,4,1,2
ripme,com.rarchives.ripme.ui,RipStatusComplete,getDir,10,1,0
ripme,com.rarchives.ripme.ui,RipStatusHandler,update,0,1,2
ripme,com.rarchives.ripme.ui,RipStatusMessage,STATUS,3,1,1
ripme,com.rarchives.ripme.ui,RipStatusMessage,RipStatusMessage,4,1,2
ripme,com.rarchives.ripme.ui,RipStatusMessage,getStatus,3,1,0
ripme,com.rarchives.ripme.ui,RipStatusMessage,getObject,3,1,0
ripme,com.rarchives.ripme.ui,RipStatusMessage,toString,3,1,0
ripme,com.rarchives.ripme.ui,UpdateUtils,getUpdateJarURL,3,1,1
ripme,com.rarchives.ripme.ui,UpdateUtils,getThisJarVersion,7,2,0
ripme,com.rarchives.ripme.ui,UpdateUtils,updateProgram,52,5,1
ripme,com.rarchives.ripme.ui,UpdateUtils,isNewerVersion,19,5,1
ripme,com.rarchives.ripme.ui,UpdateUtils,versionStringToInt,9,2,1
ripme,com.rarchives.ripme.ui,UpdateUtils,downloadJarAndLaunch,42,2,1
ripme,com.rarchives.ripme.ui,UpdateUtils,run,9,1,0
ripme,com.rarchives.ripme.utils,AES,decrypt,13,1,3
ripme,com.rarchives.ripme.utils,AES,generateSecretKey,14,1,2
ripme,com.rarchives.ripme.utils,Base64,Base64,2,1,0
ripme,com.rarchives.ripme.utils,Base64,encode,20,3,1
ripme,com.rarchives.ripme.utils,Base64,decode,22,4,1
ripme,com.rarchives.ripme.utils,Http,Http,4,1,1
ripme,com.rarchives.ripme.utils,Http,Http,4,1,1
ripme,com.rarchives.ripme.utils,Http,url,3,1,1
ripme,com.rarchives.ripme.utils,Http,url,3,1,1
ripme,com.rarchives.ripme.utils,Http,defaultSettings,8,1,0
ripme,com.rarchives.ripme.utils,Http,timeout,4,1,1
ripme,com.rarchives.ripme.utils,Http,ignoreContentType,4,1,0
ripme,com.rarchives.ripme.utils,Http,referrer,4,1,1
ripme,com.rarchives.ripme.utils,Http,referrer,3,1,1
ripme,com.rarchives.ripme.utils,Http,userAgent,4,1,1
ripme,com.rarchives.ripme.utils,Http,retries,4,1,1
ripme,com.rarchives.ripme.utils,Http,header,4,1,2
ripme,com.rarchives.ripme.utils,Http,cookies,4,1,1
ripme,com.rarchives.ripme.utils,Http,data,4,1,1
ripme,com.rarchives.ripme.utils,Http,data,5,1,2
ripme,com.rarchives.ripme.utils,Http,method,4,1,1
ripme,com.rarchives.ripme.utils,Http,connection,3,1,0
ripme,com.rarchives.ripme.utils,Http,get,4,1,0
ripme,com.rarchives.ripme.utils,Http,post,4,1,0
ripme,com.rarchives.ripme.utils,Http,getJSON,5,1,0
ripme,com.rarchives.ripme.utils,Http,response,17,2,0
ripme,com.rarchives.ripme.utils,RipUtils,getFilesFromURL,108,14,1
ripme,com.rarchives.ripme.utils,RipUtils,getURLRegex,3,1,0
ripme,com.rarchives.ripme.utils,RipUtils,urlFromDirectoryName,18,15,1
ripme,com.rarchives.ripme.utils,RipUtils,urlFromSiteDirectoryName,7,2,4
ripme,com.rarchives.ripme.utils,RipUtils,urlFromRedditDirectoryName,17,5,1
ripme,com.rarchives.ripme.utils,RipUtils,urlFromImagefapDirectoryName,14,3,1
ripme,com.rarchives.ripme.utils,RipUtils,urlFromDeviantartDirectoryName,15,3,1
ripme,com.rarchives.ripme.utils,RipUtils,urlFromImgurDirectoryName,37,9,1
ripme,com.rarchives.ripme.utils,Utils,getWorkingDirectory,17,3,0
ripme,com.rarchives.ripme.utils,Utils,getConfigString,3,1,2
ripme,com.rarchives.ripme.utils,Utils,getConfigInteger,3,1,2
ripme,com.rarchives.ripme.utils,Utils,getConfigBoolean,3,1,2
ripme,com.rarchives.ripme.utils,Utils,getConfigList,9,3,1
ripme,com.rarchives.ripme.utils,Utils,setConfigBoolean,3,1,2
ripme,com.rarchives.ripme.utils,Utils,setConfigString,3,1,2
ripme,com.rarchives.ripme.utils,Utils,setConfigInteger,3,1,2
ripme,com.rarchives.ripme.utils,Utils,setConfigList,4,1,2
ripme,com.rarchives.ripme.utils,Utils,setConfigList,8,2,2
ripme,com.rarchives.ripme.utils,Utils,saveConfig,9,1,0
ripme,com.rarchives.ripme.utils,Utils,getConfigPath,8,1,0
ripme,com.rarchives.ripme.utils,Utils,removeCWD,12,1,1
ripme,com.rarchives.ripme.utils,Utils,stripURLParameter,22,5,2
ripme,com.rarchives.ripme.utils,Utils,removeCWD,3,1,1
ripme,com.rarchives.ripme.utils,Utils,getClassesForPackage,62,7,1
ripme,com.rarchives.ripme.utils,Utils,shortenPath,3,1,1
ripme,com.rarchives.ripme.utils,Utils,shortenPath,7,2,1
ripme,com.rarchives.ripme.utils,Utils,filesystemSafe,7,2,1
ripme,com.rarchives.ripme.utils,Utils,bytesToHumanReadable,10,2,1
ripme,com.rarchives.ripme.utils,Utils,getListOfAlbumRippers,7,2,0
ripme,com.rarchives.ripme.utils,Utils,getListOfVideoRippers,7,2,0
ripme,com.rarchives.ripme.utils,Utils,playSound,19,2,1
ripme,com.rarchives.ripme.utils,Utils,update,5,2,1
ripme,com.rarchives.ripme.utils,Utils,configureLogger,23,3,0
ripme,com.rarchives.ripme.utils,Utils,between,15,3,3
ripme,com.rarchives.ripme.utils,Utils,parseUrlQuery,22,4,1
ripme,com.rarchives.ripme.utils,Utils,parseUrlQuery,23,6,2
ripme,com.rarchives.ripme.tst,AppTest,AppTest,3,1,1
ripme,com.rarchives.ripme.tst,AppTest,suite,3,1,0
ripme,com.rarchives.ripme.tst,AppTest,testApp,3,1,0
ripme,com.rarchives.ripme.tst.ripper.rippers,BasicRippersTest,testDeviantartAlbum,4,1,0
ripme,com.rarchives.ripme.tst.ripper.rippers,BasicRippersTest,testDeviantartNSFWAlbum,4,1,0
ripme,com.rarchives.ripme.tst.ripper.rippers,BasicRippersTest,testEightmusesAlbum,6,1,0
ripme,com.rarchives.ripme.tst.ripper.rippers,BasicRippersTest,testTwitterUserRip,4,1,0
ripme,com.rarchives.ripme.tst.ripper.rippers,BasicRippersTest,test500pxAlbum,4,1,0
ripme,com.rarchives.ripme.tst.ripper.rippers,BasicRippersTest,testFuraffinityAlbum,4,1,0
ripme,com.rarchives.ripme.tst.ripper.rippers,BasicRippersTest,testGifyoAlbum,4,1,0
ripme,com.rarchives.ripme.tst.ripper.rippers,BasicRippersTest,testGirlsofdesireAlbum,4,1,0
ripme,com.rarchives.ripme.tst.ripper.rippers,BasicRippersTest,testHentaifoundryRip,4,1,0
ripme,com.rarchives.ripme.tst.ripper.rippers,BasicRippersTest,testImagearnRip,4,1,0
ripme,com.rarchives.ripme.tst.ripper.rippers,BasicRippersTest,testImagebamRip,4,1,0
ripme,com.rarchives.ripme.tst.ripper.rippers,BasicRippersTest,testImagevenueRip,4,1,0
ripme,com.rarchives.ripme.tst.ripper.rippers,BasicRippersTest,testImgboxRip,4,1,0
ripme,com.rarchives.ripme.tst.ripper.rippers,BasicRippersTest,testModelmayhemRip,4,1,0
ripme,com.rarchives.ripme.tst.ripper.rippers,BasicRippersTest,testMotherlessAlbumRip,4,1,0
ripme,com.rarchives.ripme.tst.ripper.rippers,BasicRippersTest,testNfsfwRip,4,1,0
ripme,com.rarchives.ripme.tst.ripper.rippers,BasicRippersTest,testPhotobucketRip,6,1,0
ripme,com.rarchives.ripme.tst.ripper.rippers,BasicRippersTest,testPornhubRip,4,1,0
ripme,com.rarchives.ripme.tst.ripper.rippers,BasicRippersTest,testShesFreakyRip,4,1,0
ripme,com.rarchives.ripme.tst.ripper.rippers,BasicRippersTest,testTapasticRip,4,1,0
ripme,com.rarchives.ripme.tst.ripper.rippers,BasicRippersTest,testTeenplanetRip,4,1,0
ripme,com.rarchives.ripme.tst.ripper.rippers,BasicRippersTest,testTwodgalleriesRip,4,1,0
ripme,com.rarchives.ripme.tst.ripper.rippers,BasicRippersTest,testVidbleRip,4,1,0
ripme,com.rarchives.ripme.tst.ripper.rippers,BasicRippersTest,testVineRip,4,1,0
ripme,com.rarchives.ripme.tst.ripper.rippers,BasicRippersTest,testVkSubalbumRip,4,1,0
ripme,com.rarchives.ripme.tst.ripper.rippers,BasicRippersTest,testVkRootAlbumRip,4,1,0
ripme,com.rarchives.ripme.tst.ripper.rippers,BasicRippersTest,testVkPhotosRip,4,1,0
ripme,com.rarchives.ripme.tst.ripper.rippers,BasicRippersTest,testXhamsterAlbums,4,1,0
ripme,com.rarchives.ripme.tst.ripper.rippers,ChanRipperTest,testChanURLFailures,12,2,0
ripme,com.rarchives.ripme.tst.ripper.rippers,ChanRipperTest,testChanURLPasses,19,2,0
ripme,com.rarchives.ripme.tst.ripper.rippers,ChanRipperTest,testChanRipper,7,2,0
ripme,com.rarchives.ripme.tst.ripper.rippers,ImagefapRipperTest,testImagefapAlbums,9,2,0
ripme,com.rarchives.ripme.tst.ripper.rippers,ImgurRipperTest,testImgurURLFailures,19,2,0
ripme,com.rarchives.ripme.tst.ripper.rippers,ImgurRipperTest,testImgurAlbums,13,2,0
ripme,com.rarchives.ripme.tst.ripper.rippers,ImgurRipperTest,testImgurAlbumWithMoreThan20Pictures,4,1,0
ripme,com.rarchives.ripme.tst.ripper.rippers,ImgurRipperTest,testImgurAlbumWithMoreThan100Pictures,4,1,0
ripme,com.rarchives.ripme.tst.ripper.rippers,InstagramRipperTest,testInstagramGID,13,2,0
ripme,com.rarchives.ripme.tst.ripper.rippers,InstagramRipperTest,testInstagramAlbums,8,2,0
ripme,com.rarchives.ripme.tst.ripper.rippers,NatalieMuRipperTest,testNatalieMuURLFailures,12,2,0
ripme,com.rarchives.ripme.tst.ripper.rippers,NatalieMuRipperTest,testNatalieMuURLPasses,14,2,0
ripme,com.rarchives.ripme.tst.ripper.rippers,NatalieMuRipperTest,testNatalieMuRipper,11,2,0
ripme,com.rarchives.ripme.tst.ripper.rippers,RippersTest,test,3,1,0
ripme,com.rarchives.ripme.tst.ripper.rippers,RippersTest,testRipper,25,2,1
ripme,com.rarchives.ripme.tst.ripper.rippers,RippersTest,deleteDir,19,6,1
ripme,com.rarchives.ripme.tst.ripper.rippers,RippersTest,deleteSubdirs,12,4,1
ripme,com.rarchives.ripme.tst.ripper.rippers,VideoRippersTest,videoTestHelper,16,1,1
ripme,com.rarchives.ripme.tst.ripper.rippers,VideoRippersTest,testXvideosRipper,9,2,0
ripme,com.rarchives.ripme.tst.ripper.rippers,VideoRippersTest,testPornhubRipper,8,2,0
ripme,com.rarchives.ripme.tst.ripper.rippers,VideoRippersTest,testVineRipper,8,2,0
ripme,com.rarchives.ripme.tst.ripper.rippers,VideoRippersTest,testYoupornRipper,8,2,0
